nct_id,modeltype,statistic.log,p.value.log,statistic.sc,p.value.sc,statistic.wald,p.value.wald,statistic.robust,p.value.robust,r.squared,r.squared.max,concordance,std.error.concordance,logLik,AIC,BIC,nobs,null.deviance,df.null,deviance,df.residual
NCT01217892,cox_unadj,0.208,0.649,0.214,0.644,0.21,0.644,NA,NA,0.001,0.549,0.519,0.044,-156.749,315.497,316.793,394,NA,NA,NA,NA
NCT01606007,cox_unadj,0.072,0.788,0.072,0.788,0.07,0.788,NA,NA,0,0.561,0.522,0.051,-142.155,286.31,287.529,345,NA,NA,NA,NA
NCT01619059,cox_unadj,0.749,0.387,0.745,0.388,0.73,0.392,NA,NA,0.002,0.429,0.555,0.064,-85.08,172.161,172.869,305,NA,NA,NA,NA
NCT02471404,cox_unadj,0.392,0.531,0.392,0.531,0.39,0.532,NA,NA,0.001,0.459,0.527,0.046,-183.359,368.717,370.085,598,NA,NA,NA,NA
NCT02681094,cox_unadj,0.569,0.451,0.568,0.451,0.56,0.453,NA,NA,0.001,0.354,0.561,0.056,-129.674,261.349,262.484,595,NA,NA,NA,NA
NCT00601250,cox_unadj,0.034,0.854,0.034,0.853,0.03,0.853,NA,NA,0,0.621,0.505,0.031,-339.536,681.073,683.043,700,NA,NA,NA,NA
NCT00602472,cox_unadj,0.093,0.76,0.094,0.759,0.09,0.759,NA,NA,0,0.639,0.509,0.025,-538.094,1078.189,1080.558,1055,NA,NA,NA,NA
NCT00621140,cox_unadj,2.901,0.089,3.076,0.079,2.98,0.084,NA,NA,0.006,0.537,0.585,0.045,-192.387,386.775,388.271,503,NA,NA,NA,NA
NCT00622284,cox_unadj,0.8,0.371,0.799,0.371,0.8,0.372,NA,NA,0.001,0.964,0.509,0.013,-2585.546,5173.092,5176.978,1551,NA,NA,NA,NA
NCT00641043,cox_unadj,9.082,0.003,9.789,0.002,8.91,0.003,NA,NA,0.023,0.616,0.622,0.045,-180.423,362.846,364.312,387,NA,NA,NA,NA
NCT00654381,cox_unadj,1.526,0.466,1.475,0.478,1.45,0.485,NA,NA,0.003,0.499,0.556,0.045,-179.974,363.948,366.683,523,NA,NA,NA,NA
NCT00740051,cox_unadj,0.271,0.603,0.276,0.6,0.28,0.6,NA,NA,0.001,0.902,0.522,0.035,-263.236,528.472,530.384,227,NA,NA,NA,NA
NCT00798161,cox_unadj,6.758,0.034,8.058,0.018,7.7,0.021,NA,NA,0.013,0.835,0.576,0.032,-452.325,908.651,913.338,505,NA,NA,NA,NA
NCT00800683,cox_unadj,0.003,0.954,0.003,0.954,0,0.954,NA,NA,0,0.916,0.497,0.043,-160.677,323.354,324.88,130,NA,NA,NA,NA
NCT00819091,cox_unadj,0.414,0.52,0.427,0.513,0.42,0.515,NA,NA,0.002,0.54,0.541,0.06,-92.075,186.151,186.984,238,NA,NA,NA,NA
NCT00915772,cox_unadj,0.019,0.891,0.019,0.891,0.02,0.891,NA,NA,0,0.911,0.507,0.028,-478.41,958.819,961.226,395,NA,NA,NA,NA
NCT00954447,cox_unadj,4.151,0.042,4.143,0.042,4.11,0.043,NA,NA,0.003,0.882,0.539,0.018,-1336.232,2674.464,2677.727,1252,NA,NA,NA,NA
NCT00996658,cox_unadj,1.202,0.273,1.253,0.263,1.24,0.266,NA,NA,0.004,0.713,0.533,0.044,-169.127,340.254,341.688,272,NA,NA,NA,NA
NCT01084005,cox_unadj,1.003,0.317,0.945,0.331,0.93,0.336,NA,NA,0.004,0.609,0.564,0.046,-111.607,225.215,226.259,239,NA,NA,NA,NA
NCT01087502,cox_unadj,4.006,0.045,3.953,0.047,3.85,0.05,NA,NA,0.017,0.897,0.573,0.034,-265.353,532.707,534.619,235,NA,NA,NA,NA
NCT01159600,cox_unadj,5.207,0.022,5.448,0.02,5.35,0.021,NA,NA,0.004,0.67,0.549,0.025,-719.869,1441.737,1444.382,1303,NA,NA,NA,NA
NCT01164501,cox_unadj,0.181,0.671,0.182,0.67,0.18,0.67,NA,NA,0,0.798,0.51,0.026,-588.463,1178.926,1181.437,737,NA,NA,NA,NA
NCT01167881,cox_unadj,4.31,0.038,4.303,0.038,4.29,0.038,NA,NA,0.003,0.959,0.524,0.014,-2470.812,4943.623,4947.47,1545,NA,NA,NA,NA
NCT01177813,cox_unadj,14.184,0.001,15.861,0,15.02,0.001,NA,NA,0.016,0.754,0.593,0.028,-622.749,1249.498,1254.605,897,NA,NA,NA,NA
NCT01194830,cox_unadj,0.689,0.406,0.685,0.408,0.68,0.409,NA,NA,0.003,0.924,0.527,0.034,-277.575,557.15,559.12,216,NA,NA,NA,NA
NCT01210001,cox_unadj,1.498,0.221,1.557,0.212,1.54,0.215,NA,NA,0.003,0.624,0.548,0.039,-242.865,487.73,489.443,498,NA,NA,NA,NA
NCT01214239,cox_unadj,0.744,0.388,0.77,0.38,0.76,0.382,NA,NA,0.002,0.674,0.543,0.045,-167.148,336.297,337.698,299,NA,NA,NA,NA
NCT01215097,cox_unadj,2.209,0.137,2.342,0.126,2.27,0.132,NA,NA,0.007,0.615,0.56,0.049,-144.487,290.974,292.232,305,NA,NA,NA,NA
NCT01306214,cox_unadj,0.108,0.743,0.108,0.742,0.11,0.742,NA,NA,0,0.853,0.507,0.026,-540.022,1082.045,1084.522,563,NA,NA,NA,NA
NCT01370005,cox_unadj,0.574,0.449,0.59,0.442,0.59,0.444,NA,NA,0.001,0.428,0.542,0.043,-229.746,461.491,463.102,824,NA,NA,NA,NA
NCT01422876,cox_unadj,0.073,0.787,0.073,0.787,0.07,0.787,NA,NA,0,0.859,0.504,0.021,-801.37,1604.74,1607.536,817,NA,NA,NA,NA
NCT01438814,cox_unadj,0.016,0.901,0.016,0.901,0.02,0.901,NA,NA,0,0.39,0.493,0.05,-170.106,342.212,343.544,689,NA,NA,NA,NA
NCT01708902,cox_unadj,0.752,0.386,0.772,0.38,0.77,0.381,NA,NA,0.002,0.674,0.537,0.039,-243.96,489.92,491.658,436,NA,NA,NA,NA
NCT01719003,cox_unadj,2.942,0.086,2.926,0.087,2.88,0.09,NA,NA,0.004,0.712,0.557,0.03,-421.532,845.065,847.284,679,NA,NA,NA,NA
NCT01734785,cox_unadj,0.272,0.602,0.264,0.608,0.26,0.609,NA,NA,0.001,0.464,0.525,0.054,-103.433,208.866,209.756,332,NA,NA,NA,NA
NCT01792518,cox_unadj,0.001,0.969,0.001,0.969,0,0.969,NA,NA,0,0.369,0.502,0.067,-82.842,167.684,168.392,360,NA,NA,NA,NA
NCT02182830,cox_unadj,0.15,0.699,0.15,0.699,0.15,0.699,NA,NA,0.001,0.864,0.515,0.044,-163.47,328.94,330.466,164,NA,NA,NA,NA
NCT02453555,cox_unadj,1.661,0.197,1.755,0.185,1.7,0.192,NA,NA,0.006,0.538,0.573,0.057,-105.252,212.504,213.448,275,NA,NA,NA,NA
NCT01064687,cox_unadj,0.164,0.686,0.168,0.682,0.17,0.682,NA,NA,0,0.781,0.518,0.019,-740.317,1482.634,1485.413,976,NA,NA,NA,NA
NCT01075282,cox_unadj,0.549,0.459,0.538,0.463,0.54,0.464,NA,NA,0.001,0.747,0.514,0.025,-554.907,1111.813,1114.244,807,NA,NA,NA,NA
NCT01126580,cox_unadj,0.956,0.328,0.974,0.324,0.97,0.324,NA,NA,0.001,0.909,0.526,0.02,-964.929,1931.858,1934.908,807,NA,NA,NA,NA
NCT01191268,cox_unadj,0.602,0.438,0.594,0.441,0.59,0.441,NA,NA,0.001,0.91,0.519,0.018,-1066.433,2134.866,2137.972,884,NA,NA,NA,NA
NCT01558271,cox_unadj,3.585,0.058,4.245,0.039,4.08,0.043,NA,NA,0.007,0.675,0.553,0.031,-275.063,552.127,553.955,492,NA,NA,NA,NA
NCT01621178,cox_unadj,0.355,0.551,0.35,0.554,0.35,0.554,NA,NA,0.001,0.869,0.517,0.024,-583.773,1169.545,1172.099,575,NA,NA,NA,NA
NCT01648582,cox_unadj,0.114,0.736,0.113,0.737,0.11,0.737,NA,NA,0,0.717,0.504,0.028,-488.476,978.952,981.308,774,NA,NA,NA,NA
NCT01769378,cox_unadj,2.845,0.092,2.321,0.128,2.11,0.146,NA,NA,0.009,0.592,0.58,0.022,-132.712,267.424,268.643,299,NA,NA,NA,NA
NCT02152371,cox_unadj,0.698,0.403,0.697,0.404,0.69,0.406,NA,NA,0.002,0.64,0.554,0.047,-152.824,307.648,308.98,300,NA,NA,NA,NA
NCT02597049,cox_unadj,3.036,0.081,2.626,0.105,2.35,0.125,NA,NA,0.007,0.291,0.579,0.057,-71.298,144.597,145.305,423,NA,NA,NA,NA
NCT02750410,cox_unadj,4.258,0.039,4.945,0.026,4.53,0.033,NA,NA,0.026,0.658,0.612,0.06,-83.156,168.311,169.145,159,NA,NA,NA,NA
NCT00838903,cox_unadj,2.742,0.433,2.953,0.399,2.93,0.402,NA,NA,0.003,0.994,0.514,0.015,-2555.86,5117.719,5129.556,1009,NA,NA,NA,NA
NCT00838916,cox_unadj,3.439,0.064,3.341,0.068,3.32,0.068,NA,NA,0.005,0.991,0.527,0.014,-1718.99,3439.979,3443.574,739,NA,NA,NA,NA
NCT00839527,cox_unadj,3.659,0.16,3.879,0.144,3.85,0.146,NA,NA,0.006,0.996,0.526,0.016,-1841.357,3686.714,3694.094,661,NA,NA,NA,NA
NCT00849017,cox_unadj,0.65,0.42,0.662,0.416,0.66,0.416,NA,NA,0.002,0.986,0.518,0.022,-642.759,1287.518,1290.289,299,NA,NA,NA,NA
NCT00849056,cox_unadj,3.539,0.06,3.546,0.06,3.51,0.061,NA,NA,0.012,0.984,0.553,0.023,-618.849,1239.699,1242.426,301,NA,NA,NA,NA
NCT00976391,cox_unadj,0.064,0.8,0.064,0.8,0.06,0.8,NA,NA,0,0.825,0.511,0.028,-492.991,987.983,990.377,565,NA,NA,NA,NA
NCT01098539,cox_unadj,3.418,0.065,3.414,0.065,3.38,0.066,NA,NA,0.007,0.945,0.547,0.023,-711.866,1425.732,1428.511,493,NA,NA,NA,NA
NCT01733758,cox_unadj,7.561,0.006,9.33,0.002,8.71,0.003,NA,NA,0.015,0.715,0.578,0.032,-303.351,608.702,610.614,490,NA,NA,NA,NA
NCT02229227,cox_unadj,0.4,0.527,0.4,0.527,0.4,0.528,NA,NA,0,0.831,0.519,0.024,-722.436,1446.873,1449.591,812,NA,NA,NA,NA
NCT00968812,cox_unadj,2.242,0.134,2.278,0.131,2.27,0.132,NA,NA,0.002,0.99,0.516,0.011,-3331.57,6665.14,6669.297,1452,NA,NA,NA,NA
NCT01081834,cox_unadj,8.567,0.003,9.036,0.003,8.84,0.003,NA,NA,0.014,0.941,0.559,0.021,-824.339,1650.678,1653.583,587,NA,NA,NA,NA
NCT01106625,cox_unadj,6.924,0.009,7.247,0.007,7.14,0.008,NA,NA,0.015,0.982,0.546,0.019,-933.667,1869.334,1872.403,469,NA,NA,NA,NA
NCT01106651,cox_unadj,9.729,0.002,10.239,0.001,10.06,0.002,NA,NA,0.013,0.969,0.557,0.018,-1242.209,2486.417,2489.695,716,NA,NA,NA,NA
NCT01106677,cox_unadj,2.883,0.237,2.979,0.226,2.96,0.227,NA,NA,0.002,0.94,0.523,0.016,-1808.465,3620.929,3628.081,1284,NA,NA,NA,NA
NCT01106690,cox_unadj,6.705,0.01,7.113,0.008,6.91,0.009,NA,NA,0.019,0.932,0.568,0.027,-459.29,920.579,922.974,344,NA,NA,NA,NA
NCT01137812,cox_unadj,7.411,0.006,7.392,0.007,7.33,0.007,NA,NA,0.01,0.992,0.536,0.015,-1840.619,3683.238,3686.914,756,NA,NA,NA,NA
NCT01381900,cox_unadj,0.441,0.507,0.428,0.513,0.43,0.514,NA,NA,0.001,0.454,0.527,0.04,-204.772,411.543,413.009,678,NA,NA,NA,NA
NCT01809327,cox_unadj,1.462,0.227,1.502,0.22,1.49,0.222,NA,NA,0.002,0.746,0.526,0.028,-487.268,976.536,978.918,712,NA,NA,NA,NA
NCT02025907,cox_unadj,6.21,0.013,6.064,0.014,5.73,0.017,NA,NA,0.028,0.842,0.594,0.039,-197.781,397.563,399.252,218,NA,NA,NA,NA
NCT00688701,cox_unadj,0.205,0.651,0.201,0.654,0.2,0.655,NA,NA,0.001,0.619,0.514,0.043,-173.684,349.369,350.77,360,NA,NA,NA,NA
NCT00712673,cox_unadj,0.048,0.826,0.048,0.827,0.05,0.827,NA,NA,0,0.956,0.509,0.017,-1062.748,2127.496,2130.626,680,NA,NA,NA,NA
NCT00713830,cox_unadj,0.245,0.621,0.243,0.622,0.24,0.622,NA,NA,0,0.98,0.504,0.015,-1686.325,3374.651,3378.204,858,NA,NA,NA,NA
NCT00715624,cox_unadj,0.657,0.418,0.647,0.421,0.65,0.422,NA,NA,0.001,0.982,0.513,0.018,-987.843,1977.686,1980.798,494,NA,NA,NA,NA
NCT00763451,cox_unadj,0.161,0.688,0.16,0.689,0.16,0.689,NA,NA,0,0.923,0.512,0.023,-618.518,1239.036,1241.671,482,NA,NA,NA,NA
NCT00763815,cox_unadj,2.1,0.147,2.16,0.142,2.15,0.143,NA,NA,0.004,0.965,0.527,0.021,-807.691,1617.382,1620.294,484,NA,NA,NA,NA
NCT00866658,cox_unadj,1.977,0.16,1.967,0.161,1.93,0.165,NA,NA,0.006,0.699,0.559,0.043,-185.25,372.5,373.996,310,NA,NA,NA,NA
NCT00975286,cox_unadj,7.899,0.005,7.684,0.006,7.17,0.007,NA,NA,0.018,0.671,0.608,0.036,-244.267,490.533,492.247,446,NA,NA,NA,NA
NCT00976937,cox_unadj,1.232,0.267,1.227,0.268,1.21,0.272,NA,NA,0.004,0.62,0.555,0.047,-153.796,309.593,310.889,319,NA,NA,NA,NA
NCT01169779,cox_unadj,2.309,0.129,2.286,0.131,2.22,0.136,NA,NA,0.006,0.549,0.569,0.048,-154.101,310.202,311.498,390,NA,NA,NA,NA
NCT01632163,cox_unadj,2.682,0.101,2.626,0.105,2.54,0.111,NA,NA,0.011,0.692,0.575,0.047,-146.391,294.782,296.078,251,NA,NA,NA,NA
NCT01768559,cox_unadj,7.696,0.006,8.203,0.004,7.84,0.005,NA,NA,0.009,0.577,0.592,0.033,-380.074,762.148,764.209,892,NA,NA,NA,NA
NCT01798706,cox_unadj,0.199,0.655,0.199,0.656,0.2,0.656,NA,NA,0.001,0.728,0.516,0.041,-211.754,425.508,427.119,325,NA,NA,NA,NA
NCT00286429,cox_unadj,13.477,0,14.461,0,14.06,0,NA,NA,0.035,0.993,0.571,0.019,-937.506,1877.012,1880.13,382,NA,NA,NA,NA
NCT00286442,cox_unadj,8.084,0.004,9.197,0.002,8.89,0.003,NA,NA,0.016,0.912,0.559,0.022,-621.822,1245.643,1248.268,515,NA,NA,NA,NA
NCT00286455,cox_unadj,9.321,0.002,11.014,0.001,10.41,0.001,NA,NA,0.029,0.911,0.574,0.027,-385.006,772.011,774.26,322,NA,NA,NA,NA
NCT00286468,cox_unadj,6.18,0.013,6.845,0.009,6.7,0.01,NA,NA,0.012,0.962,0.544,0.019,-817.398,1636.797,1639.717,500,NA,NA,NA,NA
NCT00286494,cox_unadj,1.21,0.271,1.277,0.259,1.27,0.26,NA,NA,0.002,0.92,0.526,0.021,-612.362,1226.725,1229.35,486,NA,NA,NA,NA
NCT00707993,cox_unadj,0.477,0.49,0.477,0.49,0.48,0.49,NA,NA,0.001,0.992,0.517,0.019,-1063.243,2128.486,2131.696,441,NA,NA,NA,NA
NCT00856284,cox_unadj,8.673,0.003,8.85,0.003,8.83,0.003,NA,NA,0.003,0.999,0.521,0.007,-9455.016,18912.032,18917.161,2638,NA,NA,NA,NA
NCT01023581,cox_unadj,10.261,0.006,9.802,0.007,9.51,0.009,NA,NA,0.018,0.942,0.562,0.023,-789.872,1583.745,1589.48,559,NA,NA,NA,NA
NCT01289119,cox_unadj,0.234,0.628,0.234,0.629,0.23,0.629,NA,NA,0,0.633,0.518,0.039,-253.052,508.103,509.817,505,NA,NA,NA,NA
NCT01632007,cox_unadj,1.012,0.314,1.126,0.289,1.1,0.295,NA,NA,0.004,0.511,0.554,0.058,-87.013,176.027,176.799,245,NA,NA,NA,NA
NCT01890122,cox_unadj,14.792,0.001,15.674,0,15.01,0.001,NA,NA,0.03,0.947,0.593,0.025,-707.351,1418.702,1424.277,488,NA,NA,NA,NA
NCT01217892,glm_unadj,NA,NA,NA,NA,NA,NA,NA,NA,NA,NA,NA,NA,-98.293,200.586,208.539,394,196.854,393,196.586,392
NCT01606007,glm_unadj,NA,NA,NA,NA,NA,NA,NA,NA,NA,NA,NA,NA,-89.663,183.327,191.014,345,179.376,344,179.327,343
NCT01619059,glm_unadj,NA,NA,NA,NA,NA,NA,NA,NA,NA,NA,NA,NA,-59.415,122.829,130.27,305,119.618,304,118.829,303
NCT02471404,glm_unadj,NA,NA,NA,NA,NA,NA,NA,NA,NA,NA,NA,NA,-115.863,235.725,244.512,598,232.095,597,231.725,596
NCT02681094,glm_unadj,NA,NA,NA,NA,NA,NA,NA,NA,NA,NA,NA,NA,-97.15,198.3,207.077,595,194.74,594,194.3,593
NCT00601250,glm_unadj,NA,NA,NA,NA,NA,NA,NA,NA,NA,NA,NA,NA,-187.704,379.407,388.509,700,375.445,699,375.407,698
NCT00602472,glm_unadj,NA,NA,NA,NA,NA,NA,NA,NA,NA,NA,NA,NA,-280.66,565.32,575.242,1055,561.443,1054,561.32,1053
NCT00621140,glm_unadj,NA,NA,NA,NA,NA,NA,NA,NA,NA,NA,NA,NA,-120.645,245.289,253.731,503,243.575,502,241.289,501
NCT00622284,glm_unadj,NA,NA,NA,NA,NA,NA,NA,NA,NA,NA,NA,NA,-839.778,1683.556,1694.25,1551,1680.699,1550,1679.556,1549
NCT00641043,glm_unadj,NA,NA,NA,NA,NA,NA,NA,NA,NA,NA,NA,NA,-105.536,215.073,222.99,387,220.81,386,211.073,385
NCT00654381,glm_unadj,NA,NA,NA,NA,NA,NA,NA,NA,NA,NA,NA,NA,-111.292,228.584,241.362,523,224.114,522,222.584,520
NCT00740051,glm_unadj,NA,NA,NA,NA,NA,NA,NA,NA,NA,NA,NA,NA,-119.593,243.187,250.037,227,239.368,226,239.187,225
NCT00798161,glm_unadj,NA,NA,NA,NA,NA,NA,NA,NA,NA,NA,NA,NA,-212.751,431.502,444.176,505,431.249,504,425.502,502
NCT00800683,glm_unadj,NA,NA,NA,NA,NA,NA,NA,NA,NA,NA,NA,NA,-74.688,153.375,159.11,130,149.412,129,149.375,128
NCT00819091,glm_unadj,NA,NA,NA,NA,NA,NA,NA,NA,NA,NA,NA,NA,-61.039,126.079,133.023,238,122.484,237,122.079,236
NCT00915772,glm_unadj,NA,NA,NA,NA,NA,NA,NA,NA,NA,NA,NA,NA,-201.732,407.463,415.421,395,403.495,394,403.463,393
NCT00954447,glm_unadj,NA,NA,NA,NA,NA,NA,NA,NA,NA,NA,NA,NA,-536.201,1076.403,1086.668,1252,1076.335,1251,1072.403,1250
NCT00996658,glm_unadj,NA,NA,NA,NA,NA,NA,NA,NA,NA,NA,NA,NA,-95.837,195.674,202.885,272,192.977,271,191.674,270
NCT01084005,glm_unadj,NA,NA,NA,NA,NA,NA,NA,NA,NA,NA,NA,NA,-70.652,145.303,152.256,239,142.24,238,141.303,237
NCT01087502,glm_unadj,NA,NA,NA,NA,NA,NA,NA,NA,NA,NA,NA,NA,-119.754,243.508,250.427,235,243.271,234,239.508,233
NCT01159600,glm_unadj,NA,NA,NA,NA,NA,NA,NA,NA,NA,NA,NA,NA,-360.139,724.278,734.623,1303,725.3,1302,720.278,1301
NCT01164501,glm_unadj,NA,NA,NA,NA,NA,NA,NA,NA,NA,NA,NA,NA,-275.416,554.833,564.038,737,550.965,736,550.833,735
NCT01167881,glm_unadj,NA,NA,NA,NA,NA,NA,NA,NA,NA,NA,NA,NA,-819.736,1643.472,1654.158,1545,1643.447,1544,1639.472,1543
NCT01177813,glm_unadj,NA,NA,NA,NA,NA,NA,NA,NA,NA,NA,NA,NA,-295.789,597.579,611.976,897,606.147,896,591.579,894
NCT01194830,glm_unadj,NA,NA,NA,NA,NA,NA,NA,NA,NA,NA,NA,NA,-119.963,243.926,250.676,216,240.707,215,239.926,214
NCT01210001,glm_unadj,NA,NA,NA,NA,NA,NA,NA,NA,NA,NA,NA,NA,-140.518,285.037,293.458,498,283.284,497,281.037,496
NCT01214239,glm_unadj,NA,NA,NA,NA,NA,NA,NA,NA,NA,NA,NA,NA,-97.072,198.143,205.544,299,194.839,298,194.143,297
NCT01215097,glm_unadj,NA,NA,NA,NA,NA,NA,NA,NA,NA,NA,NA,NA,-87.779,179.557,186.998,305,177.753,304,175.557,303
NCT01306214,glm_unadj,NA,NA,NA,NA,NA,NA,NA,NA,NA,NA,NA,NA,-243.978,491.956,500.622,563,488.113,562,487.956,561
NCT01370005,glm_unadj,NA,NA,NA,NA,NA,NA,NA,NA,NA,NA,NA,NA,-150.479,304.959,314.387,824,301.954,823,300.959,822
NCT01422876,glm_unadj,NA,NA,NA,NA,NA,NA,NA,NA,NA,NA,NA,NA,-342.6,689.201,698.612,817,685.306,816,685.201,815
NCT01438814,glm_unadj,NA,NA,NA,NA,NA,NA,NA,NA,NA,NA,NA,NA,-117.108,238.216,247.287,689,234.216,688,234.216,687
NCT01708902,glm_unadj,NA,NA,NA,NA,NA,NA,NA,NA,NA,NA,NA,NA,-137.724,279.449,287.604,436,276.375,435,275.449,434
NCT01719003,glm_unadj,NA,NA,NA,NA,NA,NA,NA,NA,NA,NA,NA,NA,-219.827,443.654,452.695,679,441.902,678,439.654,677
NCT01734785,glm_unadj,NA,NA,NA,NA,NA,NA,NA,NA,NA,NA,NA,NA,-69.842,143.684,151.294,332,139.937,331,139.684,330
NCT01792518,glm_unadj,NA,NA,NA,NA,NA,NA,NA,NA,NA,NA,NA,NA,-62.307,128.613,136.385,360,124.708,359,124.613,358
NCT02182830,glm_unadj,NA,NA,NA,NA,NA,NA,NA,NA,NA,NA,NA,NA,-83.628,171.256,177.456,164,167.405,163,167.256,162
NCT02453555,glm_unadj,NA,NA,NA,NA,NA,NA,NA,NA,NA,NA,NA,NA,-68.302,140.605,147.838,275,138.205,274,136.605,273
NCT01064687,glm_unadj,NA,NA,NA,NA,NA,NA,NA,NA,NA,NA,NA,NA,-361.553,727.106,736.873,976,723.695,975,723.106,974
NCT01075282,glm_unadj,NA,NA,NA,NA,NA,NA,NA,NA,NA,NA,NA,NA,-269.188,542.376,551.762,807,539.037,806,538.376,805
NCT01126580,glm_unadj,NA,NA,NA,NA,NA,NA,NA,NA,NA,NA,NA,NA,-396.044,796.087,805.474,807,792.45,806,792.087,805
NCT01191268,glm_unadj,NA,NA,NA,NA,NA,NA,NA,NA,NA,NA,NA,NA,-425.319,854.638,864.206,884,850.993,883,850.638,882
NCT01558271,glm_unadj,NA,NA,NA,NA,NA,NA,NA,NA,NA,NA,NA,NA,-151.088,306.176,314.573,492,305.584,491,302.176,490
NCT01621178,glm_unadj,NA,NA,NA,NA,NA,NA,NA,NA,NA,NA,NA,NA,-257.626,519.251,527.96,575,515.454,574,515.251,573
NCT01648582,glm_unadj,NA,NA,NA,NA,NA,NA,NA,NA,NA,NA,NA,NA,-252.891,509.782,519.085,774,505.86,773,505.782,772
NCT01769378,glm_unadj,NA,NA,NA,NA,NA,NA,NA,NA,NA,NA,NA,NA,-84.467,172.934,180.335,299,171.927,298,168.934,297
NCT02152371,glm_unadj,NA,NA,NA,NA,NA,NA,NA,NA,NA,NA,NA,NA,-92.739,189.477,196.885,300,186.11,299,185.477,298
NCT02597049,glm_unadj,NA,NA,NA,NA,NA,NA,NA,NA,NA,NA,NA,NA,-64.165,132.33,140.425,423,129.641,422,128.33,421
NCT02750410,glm_unadj,NA,NA,NA,NA,NA,NA,NA,NA,NA,NA,NA,NA,-51.756,107.512,113.65,159,108.127,158,103.512,157
NCT00838903,glm_unadj,NA,NA,NA,NA,NA,NA,NA,NA,NA,NA,NA,NA,-668.125,1344.25,1363.917,1009,1338.683,1008,1336.25,1005
NCT00838916,glm_unadj,NA,NA,NA,NA,NA,NA,NA,NA,NA,NA,NA,NA,-482.92,969.841,979.051,739,969.107,738,965.841,737
NCT00839527,glm_unadj,NA,NA,NA,NA,NA,NA,NA,NA,NA,NA,NA,NA,-452.953,911.905,925.387,661,909.125,660,905.905,658
NCT00849017,glm_unadj,NA,NA,NA,NA,NA,NA,NA,NA,NA,NA,NA,NA,-200.256,404.513,411.914,299,401.128,298,400.513,297
NCT00849056,glm_unadj,NA,NA,NA,NA,NA,NA,NA,NA,NA,NA,NA,NA,-198.063,400.127,407.541,301,398.389,300,396.127,299
NCT00976391,glm_unadj,NA,NA,NA,NA,NA,NA,NA,NA,NA,NA,NA,NA,-232.179,468.359,477.033,565,464.454,564,464.359,563
NCT01098539,glm_unadj,NA,NA,NA,NA,NA,NA,NA,NA,NA,NA,NA,NA,-270.719,545.439,553.84,493,544.927,492,541.439,491
NCT01733758,glm_unadj,NA,NA,NA,NA,NA,NA,NA,NA,NA,NA,NA,NA,-157.827,319.653,328.042,490,322.953,489,315.653,488
NCT02229227,glm_unadj,NA,NA,NA,NA,NA,NA,NA,NA,NA,NA,NA,NA,-325.381,654.761,664.16,812,651.532,811,650.761,810
NCT00968812,glm_unadj,NA,NA,NA,NA,NA,NA,NA,NA,NA,NA,NA,NA,-914.551,1833.101,1843.663,1452,1831.353,1451,1829.101,1450
NCT01081834,glm_unadj,NA,NA,NA,NA,NA,NA,NA,NA,NA,NA,NA,NA,-312.177,628.355,637.105,587,633.086,586,624.355,585
NCT01106625,glm_unadj,NA,NA,NA,NA,NA,NA,NA,NA,NA,NA,NA,NA,-296.709,597.418,605.72,469,600.679,468,593.418,467
NCT01106651,glm_unadj,NA,NA,NA,NA,NA,NA,NA,NA,NA,NA,NA,NA,-416.497,836.995,846.142,716,840.507,715,832.995,714
NCT01106677,glm_unadj,NA,NA,NA,NA,NA,NA,NA,NA,NA,NA,NA,NA,-650.498,1306.997,1322.47,1284,1304.745,1283,1300.997,1281
NCT01106690,glm_unadj,NA,NA,NA,NA,NA,NA,NA,NA,NA,NA,NA,NA,-184.292,372.584,380.266,344,375.508,343,368.584,342
NCT01137812,glm_unadj,NA,NA,NA,NA,NA,NA,NA,NA,NA,NA,NA,NA,-498.864,1001.727,1010.983,756,1008.561,755,997.727,754
NCT01381900,glm_unadj,NA,NA,NA,NA,NA,NA,NA,NA,NA,NA,NA,NA,-128.731,261.462,270.501,678,257.884,677,257.462,676
NCT01809327,glm_unadj,NA,NA,NA,NA,NA,NA,NA,NA,NA,NA,NA,NA,-249.32,502.64,511.776,712,500.422,711,498.64,710
NCT02025907,glm_unadj,NA,NA,NA,NA,NA,NA,NA,NA,NA,NA,NA,NA,-99.896,203.792,210.561,218,207.815,217,199.792,216
NCT00688701,glm_unadj,NA,NA,NA,NA,NA,NA,NA,NA,NA,NA,NA,NA,-103.148,210.297,218.069,360,206.522,359,206.297,358
NCT00712673,glm_unadj,NA,NA,NA,NA,NA,NA,NA,NA,NA,NA,NA,NA,-381.284,766.568,775.612,680,762.571,679,762.568,678
NCT00713830,glm_unadj,NA,NA,NA,NA,NA,NA,NA,NA,NA,NA,NA,NA,-524.428,1052.857,1062.366,858,1049.258,857,1048.857,856
NCT00715624,glm_unadj,NA,NA,NA,NA,NA,NA,NA,NA,NA,NA,NA,NA,-315.008,634.016,642.422,494,630.708,493,630.016,492
NCT00763451,glm_unadj,NA,NA,NA,NA,NA,NA,NA,NA,NA,NA,NA,NA,-250.026,504.052,512.408,482,500.132,481,500.052,480
NCT00763815,glm_unadj,NA,NA,NA,NA,NA,NA,NA,NA,NA,NA,NA,NA,-286.403,576.806,585.17,484,574.883,483,572.806,482
NCT00866658,glm_unadj,NA,NA,NA,NA,NA,NA,NA,NA,NA,NA,NA,NA,-104.159,212.318,219.791,310,210.2,309,208.318,308
NCT00975286,glm_unadj,NA,NA,NA,NA,NA,NA,NA,NA,NA,NA,NA,NA,-132.922,269.843,278.044,446,273.823,445,265.843,444
NCT00976937,glm_unadj,NA,NA,NA,NA,NA,NA,NA,NA,NA,NA,NA,NA,-91.935,187.87,195.401,319,184.993,318,183.87,317
NCT01169779,glm_unadj,NA,NA,NA,NA,NA,NA,NA,NA,NA,NA,NA,NA,-97.194,198.388,206.321,390,196.283,389,194.388,388
NCT01632163,glm_unadj,NA,NA,NA,NA,NA,NA,NA,NA,NA,NA,NA,NA,-84.252,172.504,179.555,251,171.385,250,168.504,249
NCT01768559,glm_unadj,NA,NA,NA,NA,NA,NA,NA,NA,NA,NA,NA,NA,-210.901,425.801,435.388,892,429.175,891,421.801,890
NCT01798706,glm_unadj,NA,NA,NA,NA,NA,NA,NA,NA,NA,NA,NA,NA,-115.079,234.159,241.727,325,230.413,324,230.159,323
NCT00286429,glm_unadj,NA,NA,NA,NA,NA,NA,NA,NA,NA,NA,NA,NA,-255.678,515.356,523.247,382,523.517,381,511.356,380
NCT00286442,glm_unadj,NA,NA,NA,NA,NA,NA,NA,NA,NA,NA,NA,NA,-252.343,508.686,517.174,515,512.63,514,504.686,513
NCT00286455,glm_unadj,NA,NA,NA,NA,NA,NA,NA,NA,NA,NA,NA,NA,-164.011,332.022,339.571,322,337.19,321,328.022,320
NCT00286468,glm_unadj,NA,NA,NA,NA,NA,NA,NA,NA,NA,NA,NA,NA,-290.652,585.304,593.733,500,587.197,499,581.304,498
NCT00286494,glm_unadj,NA,NA,NA,NA,NA,NA,NA,NA,NA,NA,NA,NA,-249.075,502.149,510.521,486,499.407,485,498.149,484
NCT00707993,glm_unadj,NA,NA,NA,NA,NA,NA,NA,NA,NA,NA,NA,NA,-299.087,602.174,610.352,441,598.539,440,598.174,439
NCT00856284,glm_unadj,NA,NA,NA,NA,NA,NA,NA,NA,NA,NA,NA,NA,-1820.732,3645.465,3657.22,2638,3649.397,2637,3641.465,2636
NCT01023581,glm_unadj,NA,NA,NA,NA,NA,NA,NA,NA,NA,NA,NA,NA,-297.365,600.73,613.709,559,606.346,558,594.73,556
NCT01289119,glm_unadj,NA,NA,NA,NA,NA,NA,NA,NA,NA,NA,NA,NA,-142.126,288.252,296.701,505,284.478,504,284.252,503
NCT01632007,glm_unadj,NA,NA,NA,NA,NA,NA,NA,NA,NA,NA,NA,NA,-58.61,121.22,128.223,245,118.249,244,117.22,243
NCT01890122,glm_unadj,NA,NA,NA,NA,NA,NA,NA,NA,NA,NA,NA,NA,-264.865,535.731,548.302,488,544.401,487,529.731,485
NCT01217892,cox_adj,9.313,0.009,9.101,0.011,8.88,0.012,NA,NA,0.023,0.549,0.639,0.059,-152.196,308.392,310.984,394,NA,NA,NA,NA
NCT01606007,cox_adj,2.346,0.309,2.488,0.288,2.48,0.29,NA,NA,0.007,0.561,0.587,0.057,-141.018,286.036,288.473,345,NA,NA,NA,NA
NCT01619059,cox_adj,0.238,0.888,0.238,0.888,0.24,0.888,NA,NA,0.001,0.429,0.542,0.079,-85.336,174.672,176.088,305,NA,NA,NA,NA
NCT02471404,cox_adj,2.61,0.271,2.398,0.302,2.3,0.316,NA,NA,0.004,0.459,0.576,0.054,-182.25,368.5,371.235,598,NA,NA,NA,NA
NCT02681094,cox_adj,1.003,0.606,1.018,0.601,1.02,0.601,NA,NA,0.002,0.354,0.551,0.045,-129.457,262.915,265.186,595,NA,NA,NA,NA
NCT00601250,cox_adj,1.565,0.457,1.569,0.456,1.56,0.459,NA,NA,0.002,0.621,0.537,0.039,-338.771,681.542,685.483,700,NA,NA,NA,NA
NCT00602472,cox_adj,0.899,0.638,0.901,0.637,0.9,0.638,NA,NA,0.001,0.639,0.522,0.034,-537.692,1079.384,1084.122,1055,NA,NA,NA,NA
NCT00621140,cox_adj,5.75,0.056,5.884,0.053,5.8,0.055,NA,NA,0.011,0.537,0.637,0.056,-190.962,385.925,388.918,503,NA,NA,NA,NA
NCT00622284,cox_adj,0.111,0.946,0.111,0.946,0.11,0.946,NA,NA,0,0.964,0.506,0.016,-2585.89,5175.781,5183.553,1551,NA,NA,NA,NA
NCT00641043,cox_adj,2.149,0.342,2.092,0.351,2.08,0.353,NA,NA,0.006,0.616,0.57,0.053,-183.89,371.779,374.711,387,NA,NA,NA,NA
NCT00654381,cox_adj,0.019,0.991,0.019,0.991,0.02,0.991,NA,NA,0,0.499,0.518,0.056,-180.728,365.455,368.19,523,NA,NA,NA,NA
NCT00740051,cox_adj,20.766,0,22.132,0,19.32,0,NA,NA,0.087,0.902,0.667,0.037,-252.989,509.978,513.802,227,NA,NA,NA,NA
NCT00798161,cox_adj,0.498,0.779,0.498,0.78,0.5,0.78,NA,NA,0.001,0.835,0.525,0.035,-455.455,914.91,919.598,505,NA,NA,NA,NA
NCT00800683,cox_adj,7.589,0.022,8.583,0.014,8.32,0.016,NA,NA,0.057,0.916,0.63,0.049,-156.884,317.768,320.82,130,NA,NA,NA,NA
NCT00819091,cox_adj,0.544,0.762,0.533,0.766,0.53,0.766,NA,NA,0.002,0.54,0.543,0.07,-92.011,188.021,189.688,238,NA,NA,NA,NA
NCT00915772,cox_adj,2.099,0.35,2.089,0.352,2.08,0.353,NA,NA,0.005,0.911,0.547,0.033,-477.369,958.739,963.552,395,NA,NA,NA,NA
NCT00954447,cox_adj,1.075,0.584,1.071,0.585,1.07,0.586,NA,NA,0.001,0.882,0.522,0.021,-1337.77,2679.54,2686.065,1252,NA,NA,NA,NA
NCT00996658,cox_adj,5.888,0.053,5.83,0.054,5.77,0.056,NA,NA,0.021,0.713,0.621,0.049,-166.784,337.568,340.436,272,NA,NA,NA,NA
NCT01084005,cox_adj,1.588,0.452,1.436,0.488,1.42,0.492,NA,NA,0.007,0.609,0.605,0.06,-111.315,226.63,228.719,239,NA,NA,NA,NA
NCT01087502,cox_adj,4.068,0.131,4.292,0.117,4.27,0.118,NA,NA,0.017,0.897,0.575,0.042,-265.322,534.644,538.468,235,NA,NA,NA,NA
NCT01159600,cox_adj,1.655,0.437,1.657,0.437,1.65,0.438,NA,NA,0.001,0.67,0.539,0.031,-721.645,1447.289,1452.578,1303,NA,NA,NA,NA
NCT01164501,cox_adj,2.261,0.323,2.214,0.331,2.19,0.334,NA,NA,0.003,0.798,0.531,0.03,-587.423,1178.846,1183.868,737,NA,NA,NA,NA
NCT01167881,cox_adj,3.119,0.21,3.136,0.208,3.14,0.209,NA,NA,0.002,0.959,0.517,0.017,-2471.407,4946.814,4954.507,1545,NA,NA,NA,NA
NCT01177813,cox_adj,0.786,0.675,0.788,0.674,0.79,0.674,NA,NA,0.001,0.754,0.523,0.03,-629.448,1262.896,1268.004,897,NA,NA,NA,NA
NCT01194830,cox_adj,0.136,0.934,0.136,0.934,0.14,0.934,NA,NA,0.001,0.924,0.528,0.041,-277.851,559.703,563.643,216,NA,NA,NA,NA
NCT01210001,cox_adj,1.214,0.545,1.212,0.545,1.21,0.547,NA,NA,0.002,0.624,0.549,0.05,-243.007,490.013,493.44,498,NA,NA,NA,NA
NCT01214239,cox_adj,0.071,0.965,0.071,0.965,0.07,0.965,NA,NA,0,0.674,0.531,0.048,-167.485,338.971,341.773,299,NA,NA,NA,NA
NCT01215097,cox_adj,1.237,0.539,1.259,0.533,1.26,0.533,NA,NA,0.004,0.615,0.57,0.052,-144.973,293.946,296.462,305,NA,NA,NA,NA
NCT01306214,cox_adj,0.374,0.829,0.376,0.829,0.38,0.829,NA,NA,0.001,0.853,0.516,0.031,-539.889,1083.778,1088.733,563,NA,NA,NA,NA
NCT01370005,cox_adj,2.193,0.334,2.25,0.325,2.24,0.326,NA,NA,0.003,0.428,0.567,0.049,-228.936,461.873,465.095,824,NA,NA,NA,NA
NCT01422876,cox_adj,1.303,0.521,1.3,0.522,1.3,0.523,NA,NA,0.002,0.859,0.525,0.026,-800.755,1605.51,1611.102,817,NA,NA,NA,NA
NCT01438814,cox_adj,0.939,0.625,0.942,0.624,0.94,0.626,NA,NA,0.001,0.39,0.567,0.056,-169.644,343.289,345.953,689,NA,NA,NA,NA
NCT01708902,cox_adj,0.766,0.682,0.774,0.679,0.77,0.68,NA,NA,0.002,0.674,0.55,0.043,-243.953,491.906,495.382,436,NA,NA,NA,NA
NCT01719003,cox_adj,1.194,0.551,1.198,0.549,1.19,0.551,NA,NA,0.002,0.712,0.548,0.035,-422.407,848.813,853.252,679,NA,NA,NA,NA
NCT01734785,cox_adj,7.991,0.018,8.159,0.017,6.97,0.031,NA,NA,0.024,0.464,0.669,0.059,-99.574,203.147,204.928,332,NA,NA,NA,NA
NCT01792518,cox_adj,1.206,0.547,1.178,0.555,1.16,0.559,NA,NA,0.003,0.369,0.599,0.087,-82.24,168.479,169.895,360,NA,NA,NA,NA
NCT02182830,cox_adj,0.526,0.769,0.522,0.77,0.52,0.77,NA,NA,0.003,0.864,0.521,0.053,-163.281,330.563,333.616,164,NA,NA,NA,NA
NCT02453555,cox_adj,2.699,0.259,2.736,0.255,2.69,0.26,NA,NA,0.01,0.538,0.6,0.057,-104.733,213.466,215.355,275,NA,NA,NA,NA
NCT01064687,cox_adj,0.089,0.956,0.089,0.956,0.09,0.957,NA,NA,0,0.781,0.509,0.031,-740.354,1484.708,1490.267,976,NA,NA,NA,NA
NCT01075282,cox_adj,5.396,0.067,5.42,0.067,5.36,0.069,NA,NA,0.007,0.747,0.566,0.031,-552.483,1108.967,1113.828,807,NA,NA,NA,NA
NCT01126580,cox_adj,0.838,0.658,0.838,0.658,0.84,0.658,NA,NA,0.001,0.909,0.511,0.025,-964.988,1933.976,1940.076,807,NA,NA,NA,NA
NCT01191268,cox_adj,1.471,0.479,1.483,0.476,1.48,0.477,NA,NA,0.002,0.91,0.525,0.025,-1065.999,2135.997,2142.209,884,NA,NA,NA,NA
NCT01558271,cox_adj,2.088,0.352,2.3,0.317,2.26,0.323,NA,NA,0.004,0.675,0.555,0.046,-275.812,555.624,559.281,492,NA,NA,NA,NA
NCT01621178,cox_adj,1.777,0.411,1.769,0.413,1.76,0.415,NA,NA,0.003,0.869,0.53,0.03,-583.061,1170.123,1175.231,575,NA,NA,NA,NA
NCT01648582,cox_adj,2.79,0.248,2.722,0.256,2.72,0.256,NA,NA,0.004,0.717,0.551,0.037,-487.138,978.276,982.989,774,NA,NA,NA,NA
NCT01769378,cox_adj,7.686,0.021,7.689,0.021,6.86,0.032,NA,NA,0.025,0.592,0.668,0.051,-130.292,264.583,267.021,299,NA,NA,NA,NA
NCT02152371,cox_adj,1.931,0.381,1.891,0.388,1.87,0.393,NA,NA,0.006,0.64,0.571,0.055,-152.208,308.416,311.08,300,NA,NA,NA,NA
NCT02597049,cox_adj,3.293,0.193,3.211,0.201,3.06,0.217,NA,NA,0.008,0.291,0.628,0.068,-71.17,146.34,147.756,423,NA,NA,NA,NA
NCT02750410,cox_adj,2.199,0.333,2.071,0.355,1.99,0.369,NA,NA,0.014,0.658,0.615,0.074,-84.185,172.37,174.037,159,NA,NA,NA,NA
NCT00838903,cox_adj,3.795,0.15,3.818,0.148,3.82,0.148,NA,NA,0.004,0.994,0.523,0.015,-2555.333,5114.667,5122.558,1009,NA,NA,NA,NA
NCT00838916,cox_adj,3.795,0.15,3.822,0.148,3.82,0.148,NA,NA,0.005,0.991,0.537,0.018,-1718.812,3441.623,3448.813,739,NA,NA,NA,NA
NCT00839527,cox_adj,1.397,0.497,1.4,0.497,1.4,0.497,NA,NA,0.002,0.996,0.522,0.017,-1842.488,3688.976,3696.357,661,NA,NA,NA,NA
NCT00849017,cox_adj,9.427,0.009,9.397,0.009,9.32,0.009,NA,NA,0.031,0.986,0.585,0.025,-638.371,1280.742,1286.283,299,NA,NA,NA,NA
NCT00849056,cox_adj,7.219,0.027,7.389,0.025,7.35,0.025,NA,NA,0.024,0.984,0.564,0.028,-617.01,1238.019,1243.474,301,NA,NA,NA,NA
NCT00976391,cox_adj,6.513,0.039,6.722,0.035,6.75,0.034,NA,NA,0.011,0.825,0.585,0.032,-489.767,983.534,988.323,565,NA,NA,NA,NA
NCT01098539,cox_adj,6.598,0.037,6.682,0.035,6.67,0.036,NA,NA,0.013,0.945,0.572,0.027,-710.275,1424.551,1430.109,493,NA,NA,NA,NA
NCT01733758,cox_adj,2.952,0.229,3.102,0.212,3.08,0.215,NA,NA,0.006,0.715,0.555,0.044,-305.656,615.312,619.136,490,NA,NA,NA,NA
NCT02229227,cox_adj,2.509,0.285,2.447,0.294,2.45,0.294,NA,NA,0.003,0.831,0.539,0.029,-721.382,1446.764,1452.201,812,NA,NA,NA,NA
NCT00968812,cox_adj,4.301,0.116,4.313,0.116,4.3,0.116,NA,NA,0.003,0.99,0.528,0.014,-3330.541,6665.081,6673.395,1452,NA,NA,NA,NA
NCT01081834,cox_adj,3.619,0.164,3.655,0.161,3.65,0.161,NA,NA,0.006,0.941,0.547,0.025,-826.813,1657.626,1663.437,587,NA,NA,NA,NA
NCT01106625,cox_adj,0.161,0.923,0.161,0.923,0.16,0.923,NA,NA,0,0.982,0.505,0.023,-937.048,1878.097,1884.235,469,NA,NA,NA,NA
NCT01106651,cox_adj,4.187,0.123,4.231,0.121,4.22,0.121,NA,NA,0.006,0.969,0.536,0.021,-1244.979,2493.959,2500.515,716,NA,NA,NA,NA
NCT01106677,cox_adj,0.762,0.683,0.762,0.683,0.76,0.683,NA,NA,0.001,0.94,0.509,0.019,-1809.525,3623.05,3630.202,1284,NA,NA,NA,NA
NCT01106690,cox_adj,0.432,0.806,0.43,0.806,0.43,0.807,NA,NA,0.001,0.932,0.527,0.032,-462.427,928.853,933.642,344,NA,NA,NA,NA
NCT01137812,cox_adj,2.033,0.362,2.042,0.36,2.04,0.361,NA,NA,0.003,0.992,0.521,0.018,-1843.308,3690.616,3697.969,756,NA,NA,NA,NA
NCT01381900,cox_adj,1.94,0.379,1.965,0.374,1.96,0.376,NA,NA,0.003,0.454,0.564,0.051,-204.022,412.044,414.976,678,NA,NA,NA,NA
NCT01809327,cox_adj,6.846,0.033,6.777,0.034,6.64,0.036,NA,NA,0.01,0.746,0.577,0.033,-484.576,973.152,977.916,712,NA,NA,NA,NA
NCT02025907,cox_adj,0.856,0.652,0.851,0.654,0.85,0.655,NA,NA,0.004,0.842,0.552,0.045,-200.459,404.918,408.295,218,NA,NA,NA,NA
NCT00688701,cox_adj,0.049,0.976,0.049,0.976,0.05,0.976,NA,NA,0,0.619,0.512,0.061,-173.762,351.524,354.327,360,NA,NA,NA,NA
NCT00712673,cox_adj,3.155,0.207,3.12,0.21,3.12,0.21,NA,NA,0.005,0.956,0.545,0.025,-1061.195,2126.389,2132.649,680,NA,NA,NA,NA
NCT00713830,cox_adj,1.47,0.479,1.472,0.479,1.47,0.48,NA,NA,0.002,0.98,0.519,0.019,-1685.713,3375.425,3382.531,858,NA,NA,NA,NA
NCT00715624,cox_adj,0.161,0.923,0.161,0.922,0.16,0.922,NA,NA,0,0.982,0.512,0.022,-988.09,1980.181,1986.405,494,NA,NA,NA,NA
NCT00763451,cox_adj,2.919,0.232,2.881,0.237,2.88,0.237,NA,NA,0.006,0.923,0.549,0.029,-617.139,1238.278,1243.547,482,NA,NA,NA,NA
NCT00763815,cox_adj,2.157,0.34,2.177,0.337,2.18,0.336,NA,NA,0.004,0.965,0.531,0.026,-807.662,1619.324,1625.149,484,NA,NA,NA,NA
NCT00866658,cox_adj,10.444,0.005,9.435,0.009,9.39,0.009,NA,NA,0.033,0.699,0.642,0.048,-181.017,366.033,369.026,310,NA,NA,NA,NA
NCT00975286,cox_adj,0.26,0.878,0.26,0.878,0.26,0.879,NA,NA,0.001,0.671,0.521,0.044,-248.086,500.173,503.6,446,NA,NA,NA,NA
NCT00976937,cox_adj,0.241,0.886,0.244,0.885,0.24,0.885,NA,NA,0.001,0.62,0.544,0.048,-154.292,312.583,315.175,319,NA,NA,NA,NA
NCT01169779,cox_adj,0.817,0.665,0.79,0.674,0.79,0.674,NA,NA,0.002,0.549,0.598,0.066,-154.847,313.694,316.286,390,NA,NA,NA,NA
NCT01632163,cox_adj,0.808,0.668,0.816,0.665,0.81,0.668,NA,NA,0.003,0.692,0.547,0.053,-147.329,298.657,301.249,251,NA,NA,NA,NA
NCT01768559,cox_adj,3.146,0.207,3.088,0.214,3.09,0.214,NA,NA,0.004,0.577,0.57,0.04,-382.349,768.698,772.819,892,NA,NA,NA,NA
NCT01798706,cox_adj,2.851,0.24,2.984,0.225,2.96,0.228,NA,NA,0.009,0.728,0.58,0.045,-210.428,424.856,428.078,325,NA,NA,NA,NA
NCT00286429,cox_adj,10.81,0.004,10.977,0.004,10.97,0.004,NA,NA,0.028,0.993,0.568,0.023,-938.839,1881.679,1887.915,382,NA,NA,NA,NA
NCT00286442,cox_adj,0.583,0.747,0.583,0.747,0.58,0.747,NA,NA,0.001,0.912,0.521,0.031,-625.572,1255.144,1260.394,515,NA,NA,NA,NA
NCT00286455,cox_adj,12.223,0.002,12.114,0.002,11.98,0.003,NA,NA,0.037,0.911,0.634,0.032,-383.554,771.109,775.606,322,NA,NA,NA,NA
NCT00286468,cox_adj,16.653,0,16.987,0,16.8,0,NA,NA,0.033,0.962,0.597,0.025,-812.162,1628.323,1634.163,500,NA,NA,NA,NA
NCT00286494,cox_adj,2.702,0.259,2.719,0.257,2.71,0.257,NA,NA,0.006,0.92,0.549,0.027,-611.617,1227.233,1232.483,486,NA,NA,NA,NA
NCT00707993,cox_adj,3.99,0.136,3.861,0.145,3.85,0.146,NA,NA,0.009,0.992,0.546,0.022,-1061.486,2126.973,2133.392,441,NA,NA,NA,NA
NCT00856284,cox_adj,9.067,0.011,9.108,0.011,9.11,0.011,NA,NA,0.003,0.999,0.516,0.009,-9454.819,18913.637,18923.896,2638,NA,NA,NA,NA
NCT01023581,cox_adj,3.658,0.161,3.664,0.16,3.65,0.161,NA,NA,0.007,0.942,0.545,0.027,-793.174,1590.347,1596.083,559,NA,NA,NA,NA
NCT01289119,cox_adj,3.843,0.146,3.934,0.14,3.91,0.141,NA,NA,0.008,0.633,0.58,0.04,-251.247,506.495,509.922,505,NA,NA,NA,NA
NCT01632007,cox_adj,4.171,0.124,3.28,0.194,2.78,0.249,NA,NA,0.017,0.511,0.637,0.062,-85.434,174.868,176.414,245,NA,NA,NA,NA
NCT01890122,cox_adj,9.648,0.008,9.699,0.008,9.62,0.008,NA,NA,0.02,0.947,0.583,0.025,-709.923,1423.846,1429.421,488,NA,NA,NA,NA
NCT01217892,glm_adj,NA,NA,NA,NA,NA,NA,NA,NA,NA,NA,NA,NA,-93.859,193.718,205.647,394,196.854,393,187.718,391
NCT01606007,glm_adj,NA,NA,NA,NA,NA,NA,NA,NA,NA,NA,NA,NA,-88.588,183.177,194.707,345,179.376,344,177.177,342
NCT01619059,glm_adj,NA,NA,NA,NA,NA,NA,NA,NA,NA,NA,NA,NA,-59.677,125.353,136.514,305,119.618,304,119.353,302
NCT02471404,glm_adj,NA,NA,NA,NA,NA,NA,NA,NA,NA,NA,NA,NA,-114.724,235.447,248.628,598,232.095,597,229.447,595
NCT02681094,glm_adj,NA,NA,NA,NA,NA,NA,NA,NA,NA,NA,NA,NA,-96.124,198.249,211.414,595,194.74,594,192.249,592
NCT00601250,glm_adj,NA,NA,NA,NA,NA,NA,NA,NA,NA,NA,NA,NA,-186.982,379.964,393.617,700,375.445,699,373.964,697
NCT00602472,glm_adj,NA,NA,NA,NA,NA,NA,NA,NA,NA,NA,NA,NA,-280.305,566.611,581.494,1055,561.443,1054,560.611,1052
NCT00621140,glm_adj,NA,NA,NA,NA,NA,NA,NA,NA,NA,NA,NA,NA,-118.314,242.627,255.289,503,243.575,502,236.627,500
NCT00622284,glm_adj,NA,NA,NA,NA,NA,NA,NA,NA,NA,NA,NA,NA,-840.296,1686.591,1702.631,1551,1680.699,1550,1680.591,1548
NCT00641043,glm_adj,NA,NA,NA,NA,NA,NA,NA,NA,NA,NA,NA,NA,-109.381,224.762,236.638,387,220.81,386,218.762,384
NCT00654381,glm_adj,NA,NA,NA,NA,NA,NA,NA,NA,NA,NA,NA,NA,-112.043,230.086,242.865,523,224.114,522,224.086,520
NCT00740051,glm_adj,NA,NA,NA,NA,NA,NA,NA,NA,NA,NA,NA,NA,-109.259,224.519,234.793,227,239.368,226,218.519,224
NCT00798161,glm_adj,NA,NA,NA,NA,NA,NA,NA,NA,NA,NA,NA,NA,-215.594,437.188,449.861,505,431.249,504,431.188,502
NCT00800683,glm_adj,NA,NA,NA,NA,NA,NA,NA,NA,NA,NA,NA,NA,-71.036,148.071,156.674,130,149.412,129,142.071,127
NCT00819091,glm_adj,NA,NA,NA,NA,NA,NA,NA,NA,NA,NA,NA,NA,-60.977,127.954,138.371,238,122.484,237,121.954,235
NCT00915772,glm_adj,NA,NA,NA,NA,NA,NA,NA,NA,NA,NA,NA,NA,-200.764,407.528,419.465,395,403.495,394,401.528,392
NCT00954447,glm_adj,NA,NA,NA,NA,NA,NA,NA,NA,NA,NA,NA,NA,-537.468,1080.937,1096.334,1252,1076.335,1251,1074.937,1249
NCT00996658,glm_adj,NA,NA,NA,NA,NA,NA,NA,NA,NA,NA,NA,NA,-93.494,192.988,203.805,272,192.977,271,186.988,269
NCT01084005,glm_adj,NA,NA,NA,NA,NA,NA,NA,NA,NA,NA,NA,NA,-70.34,146.681,157.11,239,142.24,238,140.681,236
NCT01087502,glm_adj,NA,NA,NA,NA,NA,NA,NA,NA,NA,NA,NA,NA,-119.508,245.015,255.394,235,243.271,234,239.015,232
NCT01159600,glm_adj,NA,NA,NA,NA,NA,NA,NA,NA,NA,NA,NA,NA,-361.821,729.641,745.158,1303,725.3,1302,723.641,1300
NCT01164501,glm_adj,NA,NA,NA,NA,NA,NA,NA,NA,NA,NA,NA,NA,-274.228,554.455,568.263,737,550.965,736,548.455,734
NCT01167881,glm_adj,NA,NA,NA,NA,NA,NA,NA,NA,NA,NA,NA,NA,-820.871,1647.742,1663.77,1545,1643.447,1544,1641.742,1542
NCT01177813,glm_adj,NA,NA,NA,NA,NA,NA,NA,NA,NA,NA,NA,NA,-302.608,611.216,625.613,897,606.147,896,605.216,894
NCT01194830,glm_adj,NA,NA,NA,NA,NA,NA,NA,NA,NA,NA,NA,NA,-120.259,246.517,256.643,216,240.707,215,240.517,213
NCT01210001,glm_adj,NA,NA,NA,NA,NA,NA,NA,NA,NA,NA,NA,NA,-140.84,287.68,300.312,498,283.284,497,281.68,495
NCT01214239,glm_adj,NA,NA,NA,NA,NA,NA,NA,NA,NA,NA,NA,NA,-97.394,200.788,211.889,299,194.839,298,194.788,296
NCT01215097,glm_adj,NA,NA,NA,NA,NA,NA,NA,NA,NA,NA,NA,NA,-88.358,182.716,193.877,305,177.753,304,176.716,302
NCT01306214,glm_adj,NA,NA,NA,NA,NA,NA,NA,NA,NA,NA,NA,NA,-243.802,493.604,506.604,563,488.113,562,487.604,560
NCT01370005,glm_adj,NA,NA,NA,NA,NA,NA,NA,NA,NA,NA,NA,NA,-149.266,304.532,318.675,824,301.954,823,298.532,821
NCT01422876,glm_adj,NA,NA,NA,NA,NA,NA,NA,NA,NA,NA,NA,NA,-341.989,689.978,704.094,817,685.306,816,683.978,814
NCT01438814,glm_adj,NA,NA,NA,NA,NA,NA,NA,NA,NA,NA,NA,NA,-116.322,238.644,252.25,689,234.216,688,232.644,686
NCT01708902,glm_adj,NA,NA,NA,NA,NA,NA,NA,NA,NA,NA,NA,NA,-137.894,281.788,294.021,436,276.375,435,275.788,433
NCT01719003,glm_adj,NA,NA,NA,NA,NA,NA,NA,NA,NA,NA,NA,NA,-220.123,446.246,459.808,679,441.902,678,440.246,676
NCT01734785,glm_adj,NA,NA,NA,NA,NA,NA,NA,NA,NA,NA,NA,NA,-65.995,137.989,149.405,332,139.937,331,131.989,329
NCT01792518,glm_adj,NA,NA,NA,NA,NA,NA,NA,NA,NA,NA,NA,NA,-61.835,129.67,141.328,360,124.708,359,123.67,357
NCT02182830,glm_adj,NA,NA,NA,NA,NA,NA,NA,NA,NA,NA,NA,NA,-83.494,172.989,182.288,164,167.405,163,166.989,161
NCT02453555,glm_adj,NA,NA,NA,NA,NA,NA,NA,NA,NA,NA,NA,NA,-67.772,141.543,152.394,275,138.205,274,135.543,272
NCT01064687,glm_adj,NA,NA,NA,NA,NA,NA,NA,NA,NA,NA,NA,NA,-361.403,728.807,743.457,976,723.695,975,722.807,973
NCT01075282,glm_adj,NA,NA,NA,NA,NA,NA,NA,NA,NA,NA,NA,NA,-266.873,539.746,553.826,807,539.037,806,533.746,804
NCT01126580,glm_adj,NA,NA,NA,NA,NA,NA,NA,NA,NA,NA,NA,NA,-394.661,795.322,809.402,807,792.45,806,789.322,804
NCT01191268,glm_adj,NA,NA,NA,NA,NA,NA,NA,NA,NA,NA,NA,NA,-424.048,854.096,868.449,884,850.993,883,848.096,881
NCT01558271,glm_adj,NA,NA,NA,NA,NA,NA,NA,NA,NA,NA,NA,NA,-151.184,308.369,320.964,492,305.584,491,302.369,489
NCT01621178,glm_adj,NA,NA,NA,NA,NA,NA,NA,NA,NA,NA,NA,NA,-256.4,518.8,531.863,575,515.454,574,512.8,572
NCT01648582,glm_adj,NA,NA,NA,NA,NA,NA,NA,NA,NA,NA,NA,NA,-251.961,509.923,523.877,774,505.86,773,503.923,771
NCT01769378,glm_adj,NA,NA,NA,NA,NA,NA,NA,NA,NA,NA,NA,NA,-81.628,169.256,180.357,299,171.927,298,163.256,296
NCT02152371,glm_adj,NA,NA,NA,NA,NA,NA,NA,NA,NA,NA,NA,NA,-92.188,190.376,201.488,300,186.11,299,184.376,297
NCT02597049,glm_adj,NA,NA,NA,NA,NA,NA,NA,NA,NA,NA,NA,NA,-63.318,132.636,144.778,423,129.641,422,126.636,420
NCT02750410,glm_adj,NA,NA,NA,NA,NA,NA,NA,NA,NA,NA,NA,NA,-53.013,112.025,121.232,159,108.127,158,106.025,156
NCT00838903,glm_adj,NA,NA,NA,NA,NA,NA,NA,NA,NA,NA,NA,NA,-667.59,1341.179,1355.929,1009,1338.683,1008,1335.179,1006
NCT00838916,glm_adj,NA,NA,NA,NA,NA,NA,NA,NA,NA,NA,NA,NA,-483.105,972.211,986.027,739,969.107,738,966.211,736
NCT00839527,glm_adj,NA,NA,NA,NA,NA,NA,NA,NA,NA,NA,NA,NA,-453.923,913.845,927.327,661,909.125,660,907.845,658
NCT00849017,glm_adj,NA,NA,NA,NA,NA,NA,NA,NA,NA,NA,NA,NA,-195.697,397.394,408.495,299,401.128,298,391.394,296
NCT00849056,glm_adj,NA,NA,NA,NA,NA,NA,NA,NA,NA,NA,NA,NA,-195.371,396.742,407.864,301,398.389,300,390.742,298
NCT00976391,glm_adj,NA,NA,NA,NA,NA,NA,NA,NA,NA,NA,NA,NA,-229.418,464.836,477.847,565,464.454,564,458.836,562
NCT01098539,glm_adj,NA,NA,NA,NA,NA,NA,NA,NA,NA,NA,NA,NA,-269.145,544.29,556.891,493,544.927,492,538.29,490
NCT01733758,glm_adj,NA,NA,NA,NA,NA,NA,NA,NA,NA,NA,NA,NA,-159.986,325.972,338.555,490,322.953,489,319.972,487
NCT02229227,glm_adj,NA,NA,NA,NA,NA,NA,NA,NA,NA,NA,NA,NA,-325.53,657.059,671.158,812,651.532,811,651.059,809
NCT00968812,glm_adj,NA,NA,NA,NA,NA,NA,NA,NA,NA,NA,NA,NA,-914.051,1834.103,1849.945,1452,1831.353,1451,1828.103,1449
NCT01081834,glm_adj,NA,NA,NA,NA,NA,NA,NA,NA,NA,NA,NA,NA,-314.012,634.023,647.148,587,633.086,586,628.023,584
NCT01106625,glm_adj,NA,NA,NA,NA,NA,NA,NA,NA,NA,NA,NA,NA,-300.039,606.077,618.529,469,600.679,468,600.077,466
NCT01106651,glm_adj,NA,NA,NA,NA,NA,NA,NA,NA,NA,NA,NA,NA,-417.58,841.161,854.882,716,840.507,715,835.161,713
NCT01106677,glm_adj,NA,NA,NA,NA,NA,NA,NA,NA,NA,NA,NA,NA,-651.996,1309.992,1325.465,1284,1304.745,1283,1303.992,1281
NCT01106690,glm_adj,NA,NA,NA,NA,NA,NA,NA,NA,NA,NA,NA,NA,-187.572,381.145,392.667,344,375.508,343,375.145,341
NCT01137812,glm_adj,NA,NA,NA,NA,NA,NA,NA,NA,NA,NA,NA,NA,-503.331,1012.662,1026.546,756,1008.561,755,1006.662,753
NCT01381900,glm_adj,NA,NA,NA,NA,NA,NA,NA,NA,NA,NA,NA,NA,-127.883,261.766,275.323,678,257.884,677,255.766,675
NCT01809327,glm_adj,NA,NA,NA,NA,NA,NA,NA,NA,NA,NA,NA,NA,-247.129,500.259,513.963,712,500.422,711,494.259,709
NCT02025907,glm_adj,NA,NA,NA,NA,NA,NA,NA,NA,NA,NA,NA,NA,-103.167,212.334,222.487,218,207.815,217,206.334,215
NCT00688701,glm_adj,NA,NA,NA,NA,NA,NA,NA,NA,NA,NA,NA,NA,-103.243,212.486,224.144,360,206.522,359,206.486,357
NCT00712673,glm_adj,NA,NA,NA,NA,NA,NA,NA,NA,NA,NA,NA,NA,-379.745,765.489,779.055,680,762.571,679,759.489,677
NCT00713830,glm_adj,NA,NA,NA,NA,NA,NA,NA,NA,NA,NA,NA,NA,-524.16,1054.32,1068.584,858,1049.258,857,1048.32,855
NCT00715624,glm_adj,NA,NA,NA,NA,NA,NA,NA,NA,NA,NA,NA,NA,-315.176,636.351,648.959,494,630.708,493,630.351,491
NCT00763451,glm_adj,NA,NA,NA,NA,NA,NA,NA,NA,NA,NA,NA,NA,-248.657,503.313,515.847,482,500.132,481,497.313,479
NCT00763815,glm_adj,NA,NA,NA,NA,NA,NA,NA,NA,NA,NA,NA,NA,-286.004,578.009,590.555,484,574.883,483,572.009,481
NCT00866658,glm_adj,NA,NA,NA,NA,NA,NA,NA,NA,NA,NA,NA,NA,-99.97,205.941,217.151,310,210.2,309,199.941,307
NCT00975286,glm_adj,NA,NA,NA,NA,NA,NA,NA,NA,NA,NA,NA,NA,-136.765,279.53,291.831,446,273.823,445,273.53,443
NCT00976937,glm_adj,NA,NA,NA,NA,NA,NA,NA,NA,NA,NA,NA,NA,-92.382,190.763,202.059,319,184.993,318,184.763,316
NCT01169779,glm_adj,NA,NA,NA,NA,NA,NA,NA,NA,NA,NA,NA,NA,-97.887,201.774,213.673,390,196.283,389,195.774,387
NCT01632163,glm_adj,NA,NA,NA,NA,NA,NA,NA,NA,NA,NA,NA,NA,-85.217,176.433,187.009,251,171.385,250,170.433,248
NCT01768559,glm_adj,NA,NA,NA,NA,NA,NA,NA,NA,NA,NA,NA,NA,-213.11,432.22,446.601,892,429.175,891,426.22,889
NCT01798706,glm_adj,NA,NA,NA,NA,NA,NA,NA,NA,NA,NA,NA,NA,-113.842,233.683,245.035,325,230.413,324,227.683,322
NCT00286429,glm_adj,NA,NA,NA,NA,NA,NA,NA,NA,NA,NA,NA,NA,-256.218,518.435,530.271,382,523.517,381,512.435,379
NCT00286442,glm_adj,NA,NA,NA,NA,NA,NA,NA,NA,NA,NA,NA,NA,-256.017,518.034,530.767,515,512.63,514,512.034,512
NCT00286455,glm_adj,NA,NA,NA,NA,NA,NA,NA,NA,NA,NA,NA,NA,-161.705,329.41,340.733,322,337.19,321,323.41,319
NCT00286468,glm_adj,NA,NA,NA,NA,NA,NA,NA,NA,NA,NA,NA,NA,-284.91,575.821,588.465,500,587.197,499,569.821,497
NCT00286494,glm_adj,NA,NA,NA,NA,NA,NA,NA,NA,NA,NA,NA,NA,-248.176,502.351,514.91,486,499.407,485,496.351,483
NCT00707993,glm_adj,NA,NA,NA,NA,NA,NA,NA,NA,NA,NA,NA,NA,-296.584,599.168,611.435,441,598.539,440,593.168,438
NCT00856284,glm_adj,NA,NA,NA,NA,NA,NA,NA,NA,NA,NA,NA,NA,-1818.625,3643.25,3660.883,2638,3649.397,2637,3637.25,2635
NCT01023581,glm_adj,NA,NA,NA,NA,NA,NA,NA,NA,NA,NA,NA,NA,-301.515,609.03,622.008,559,606.346,558,603.03,556
NCT01289119,glm_adj,NA,NA,NA,NA,NA,NA,NA,NA,NA,NA,NA,NA,-140.21,286.42,299.094,505,284.478,504,280.42,502
NCT01632007,glm_adj,NA,NA,NA,NA,NA,NA,NA,NA,NA,NA,NA,NA,-57.021,120.041,130.545,245,118.249,244,114.041,242
NCT01890122,glm_adj,NA,NA,NA,NA,NA,NA,NA,NA,NA,NA,NA,NA,-266.098,538.196,550.767,488,544.401,487,532.196,485
NCT01217892,cox_int,19.411,0.002,18.333,0.003,17.29,0.004,NA,NA,0.048,0.549,0.712,0.055,-147.147,304.294,310.774,394,NA,NA,NA,NA
NCT01606007,cox_int,4.033,0.545,4.104,0.535,4.06,0.541,NA,NA,0.012,0.561,0.607,0.061,-140.175,290.349,296.443,345,NA,NA,NA,NA
NCT01619059,cox_int,6.464,0.264,6.279,0.28,5.87,0.319,NA,NA,0.021,0.429,0.687,0.07,-82.223,174.446,177.986,305,NA,NA,NA,NA
NCT02471404,cox_int,9.138,0.104,8.859,0.115,8.47,0.132,NA,NA,0.015,0.459,0.654,0.055,-178.986,367.972,374.808,598,NA,NA,NA,NA
NCT02681094,cox_int,5.73,0.333,5.106,0.403,4.79,0.442,NA,NA,0.01,0.354,0.599,0.059,-127.094,264.187,269.865,595,NA,NA,NA,NA
NCT00601250,cox_int,5.925,0.314,5.848,0.321,5.79,0.327,NA,NA,0.008,0.621,0.601,0.036,-336.591,683.182,693.033,700,NA,NA,NA,NA
NCT00602472,cox_int,1.021,0.961,1.026,0.96,1.02,0.961,NA,NA,0.001,0.639,0.515,0.034,-537.631,1085.261,1097.109,1055,NA,NA,NA,NA
NCT00621140,cox_int,8.381,0.136,9.845,0.08,9.06,0.107,NA,NA,0.017,0.537,0.653,0.052,-189.647,389.294,396.777,503,NA,NA,NA,NA
NCT00622284,cox_int,6.104,0.296,6.019,0.304,5.99,0.307,NA,NA,0.004,0.964,0.536,0.016,-2582.894,5175.788,5195.218,1551,NA,NA,NA,NA
NCT00641043,cox_int,14.902,0.011,19.516,0.002,16.91,0.005,NA,NA,0.038,0.616,0.668,0.05,-177.513,365.026,372.355,387,NA,NA,NA,NA
NCT00654381,cox_int,7.735,0.46,7.082,0.528,6.36,0.607,NA,NA,0.015,0.499,0.652,0.048,-176.87,369.74,380.678,523,NA,NA,NA,NA
NCT00740051,cox_int,29.484,0,30.483,0,25.95,0,NA,NA,0.122,0.902,0.716,0.035,-248.629,507.259,516.819,227,NA,NA,NA,NA
NCT00798161,cox_int,8.678,0.37,10.377,0.24,9.79,0.28,NA,NA,0.017,0.835,0.586,0.035,-451.365,918.731,937.481,505,NA,NA,NA,NA
NCT00800683,cox_int,10.355,0.066,12.212,0.032,11.72,0.039,NA,NA,0.077,0.916,0.641,0.05,-155.501,321.002,328.634,130,NA,NA,NA,NA
NCT00819091,cox_int,1.371,0.928,1.304,0.935,1.27,0.938,NA,NA,0.006,0.54,0.572,0.071,-91.597,193.195,197.361,238,NA,NA,NA,NA
NCT00915772,cox_int,2.131,0.831,2.129,0.831,2.12,0.832,NA,NA,0.005,0.911,0.548,0.033,-477.353,964.707,976.74,395,NA,NA,NA,NA
NCT00954447,cox_int,8.593,0.126,8.536,0.129,8.42,0.135,NA,NA,0.007,0.882,0.559,0.021,-1334.011,2678.022,2694.335,1252,NA,NA,NA,NA
NCT00996658,cox_int,9.502,0.091,10.548,0.061,9.66,0.085,NA,NA,0.034,0.713,0.65,0.045,-164.977,339.955,347.125,272,NA,NA,NA,NA
NCT01084005,cox_int,3.715,0.591,3.401,0.638,3.18,0.672,NA,NA,0.015,0.609,0.63,0.058,-110.252,230.503,235.726,239,NA,NA,NA,NA
NCT01087502,cox_int,8.655,0.124,8.059,0.153,7.75,0.17,NA,NA,0.036,0.897,0.615,0.037,-263.029,536.057,545.617,235,NA,NA,NA,NA
NCT01159600,cox_int,8.952,0.111,9.514,0.09,9.21,0.101,NA,NA,0.007,0.67,0.576,0.028,-717.996,1445.993,1459.215,1303,NA,NA,NA,NA
NCT01164501,cox_int,4.062,0.54,4.09,0.537,4.06,0.541,NA,NA,0.005,0.798,0.553,0.03,-586.522,1183.045,1195.599,737,NA,NA,NA,NA
NCT01167881,cox_int,9.618,0.087,10.095,0.073,10.01,0.075,NA,NA,0.006,0.959,0.537,0.016,-2468.158,4946.315,4965.547,1545,NA,NA,NA,NA
NCT01177813,cox_int,17.439,0.026,20.631,0.008,19.08,0.014,NA,NA,0.019,0.754,0.61,0.03,-621.122,1258.243,1278.674,897,NA,NA,NA,NA
NCT01194830,cox_int,2.148,0.828,2.034,0.844,2,0.849,NA,NA,0.01,0.924,0.557,0.038,-276.846,563.691,573.543,216,NA,NA,NA,NA
NCT01210001,cox_int,3.159,0.676,3.033,0.695,2.95,0.707,NA,NA,0.006,0.624,0.577,0.045,-242.034,494.069,502.637,498,NA,NA,NA,NA
NCT01214239,cox_int,6.469,0.263,7.361,0.195,7.13,0.211,NA,NA,0.021,0.674,0.612,0.056,-164.286,338.572,345.578,299,NA,NA,NA,NA
NCT01215097,cox_int,4.131,0.531,4.883,0.43,4.6,0.466,NA,NA,0.013,0.615,0.61,0.056,-143.526,297.052,303.342,305,NA,NA,NA,NA
NCT01306214,cox_int,4.362,0.499,4.334,0.502,4.27,0.511,NA,NA,0.008,0.853,0.56,0.032,-537.895,1085.791,1098.177,563,NA,NA,NA,NA
NCT01370005,cox_int,4.361,0.499,5.149,0.398,4.98,0.418,NA,NA,0.005,0.428,0.57,0.054,-227.852,465.705,473.759,824,NA,NA,NA,NA
NCT01422876,cox_int,4.171,0.525,4.161,0.527,4.16,0.527,NA,NA,0.005,0.859,0.539,0.028,-799.321,1608.642,1622.621,817,NA,NA,NA,NA
NCT01438814,cox_int,2.608,0.76,2.612,0.759,2.58,0.765,NA,NA,0.004,0.39,0.59,0.049,-168.81,347.62,354.281,689,NA,NA,NA,NA
NCT01708902,cox_int,2.625,0.758,2.879,0.719,2.83,0.726,NA,NA,0.006,0.674,0.558,0.052,-243.023,496.047,504.735,436,NA,NA,NA,NA
NCT01719003,cox_int,4.374,0.497,4.165,0.526,4.05,0.542,NA,NA,0.006,0.712,0.58,0.034,-420.816,851.633,862.73,679,NA,NA,NA,NA
NCT01734785,cox_int,10.098,0.073,10.895,0.053,8.95,0.111,NA,NA,0.03,0.464,0.722,0.057,-98.52,207.04,211.492,332,NA,NA,NA,NA
NCT01792518,cox_int,1.426,0.921,1.391,0.925,1.38,0.926,NA,NA,0.004,0.369,0.588,0.085,-82.13,174.259,177.8,360,NA,NA,NA,NA
NCT02182830,cox_int,2.801,0.731,2.685,0.748,2.61,0.759,NA,NA,0.017,0.864,0.594,0.048,-162.144,334.288,341.92,164,NA,NA,NA,NA
NCT02453555,cox_int,5.723,0.334,7.907,0.161,7.07,0.215,NA,NA,0.021,0.538,0.623,0.062,-103.221,216.442,221.164,275,NA,NA,NA,NA
NCT01064687,cox_int,7.703,0.173,8.054,0.153,8.27,0.142,NA,NA,0.008,0.781,0.533,0.028,-736.547,1483.095,1496.99,976,NA,NA,NA,NA
NCT01075282,cox_int,6.64,0.249,6.508,0.26,6.42,0.268,NA,NA,0.008,0.747,0.573,0.032,-551.862,1113.723,1125.877,807,NA,NA,NA,NA
NCT01126580,cox_int,3.151,0.677,3.087,0.687,3.07,0.689,NA,NA,0.004,0.909,0.545,0.025,-963.832,1937.663,1952.912,807,NA,NA,NA,NA
NCT01191268,cox_int,5.667,0.34,5.381,0.371,5.41,0.368,NA,NA,0.006,0.91,0.546,0.023,-1063.901,2137.801,2153.331,884,NA,NA,NA,NA
NCT01558271,cox_int,7.817,0.167,12.649,0.027,10.68,0.058,NA,NA,0.016,0.675,0.586,0.045,-272.947,555.895,565.038,492,NA,NA,NA,NA
NCT01621178,cox_int,3.519,0.621,3.561,0.614,3.52,0.62,NA,NA,0.006,0.869,0.553,0.03,-582.191,1174.382,1187.151,575,NA,NA,NA,NA
NCT01648582,cox_int,6.59,0.253,6.45,0.265,6.5,0.261,NA,NA,0.008,0.717,0.58,0.034,-485.238,980.475,992.259,774,NA,NA,NA,NA
NCT01769378,cox_int,17.802,0.003,16.581,0.005,10.7,0.058,NA,NA,0.058,0.592,0.734,0.044,-125.234,260.468,266.562,299,NA,NA,NA,NA
NCT02152371,cox_int,9.632,0.086,8.817,0.117,8.32,0.14,NA,NA,0.032,0.64,0.674,0.047,-148.357,306.715,313.376,300,NA,NA,NA,NA
NCT02597049,cox_int,8.47,0.132,6.307,0.277,2.22,0.818,NA,NA,0.02,0.291,0.707,0.058,-68.581,147.163,150.703,423,NA,NA,NA,NA
NCT02750410,cox_int,8.287,0.141,7.978,0.157,6.27,0.281,NA,NA,0.051,0.658,0.689,0.06,-81.141,172.283,176.449,159,NA,NA,NA,NA
NCT00838903,cox_int,11.929,0.369,11.93,0.369,11.86,0.374,NA,NA,0.012,0.994,0.549,0.015,-2551.267,5124.533,5167.933,1009,NA,NA,NA,NA
NCT00838916,cox_int,8.855,0.115,8.37,0.137,8.29,0.141,NA,NA,0.012,0.991,0.549,0.017,-1716.282,3442.564,3460.537,739,NA,NA,NA,NA
NCT00839527,cox_int,7.294,0.505,7.273,0.507,7.21,0.514,NA,NA,0.011,0.996,0.541,0.017,-1839.54,3695.079,3724.602,661,NA,NA,NA,NA
NCT00849017,cox_int,11.121,0.049,10.957,0.052,10.81,0.055,NA,NA,0.037,0.986,0.588,0.025,-637.524,1285.048,1298.901,299,NA,NA,NA,NA
NCT00849056,cox_int,11.916,0.036,13.182,0.022,12.81,0.025,NA,NA,0.039,0.984,0.589,0.027,-614.661,1239.322,1252.959,301,NA,NA,NA,NA
NCT00976391,cox_int,14.6,0.012,15.628,0.008,15.58,0.008,NA,NA,0.026,0.825,0.624,0.032,-485.723,981.446,993.419,565,NA,NA,NA,NA
NCT01098539,cox_int,12.122,0.033,12.461,0.029,12.05,0.034,NA,NA,0.024,0.945,0.605,0.025,-707.514,1425.027,1438.923,493,NA,NA,NA,NA
NCT01733758,cox_int,14.579,0.012,21.732,0.001,18.79,0.002,NA,NA,0.029,0.715,0.611,0.045,-299.842,609.684,619.244,490,NA,NA,NA,NA
NCT02229227,cox_int,4.628,0.463,4.696,0.454,4.68,0.456,NA,NA,0.006,0.831,0.556,0.029,-720.322,1450.644,1464.237,812,NA,NA,NA,NA
NCT00968812,cox_int,7.593,0.18,7.808,0.167,7.76,0.17,NA,NA,0.005,0.99,0.54,0.014,-3328.895,6667.79,6688.574,1452,NA,NA,NA,NA
NCT01081834,cox_int,13.269,0.021,15.196,0.01,14.58,0.012,NA,NA,0.022,0.941,0.58,0.025,-821.988,1653.976,1668.502,587,NA,NA,NA,NA
NCT01106625,cox_int,8.285,0.141,8.893,0.113,8.7,0.121,NA,NA,0.018,0.982,0.556,0.024,-932.987,1875.973,1891.318,469,NA,NA,NA,NA
NCT01106651,cox_int,17.482,0.004,18.486,0.002,17.8,0.003,NA,NA,0.024,0.969,0.584,0.02,-1238.332,2486.663,2503.054,716,NA,NA,NA,NA
NCT01106677,cox_int,6.478,0.594,7.029,0.534,6.95,0.542,NA,NA,0.005,0.94,0.527,0.019,-1806.667,3629.334,3657.941,1284,NA,NA,NA,NA
NCT01106690,cox_int,9.483,0.091,9.97,0.076,9.54,0.089,NA,NA,0.027,0.932,0.591,0.032,-457.901,925.801,937.774,344,NA,NA,NA,NA
NCT01137812,cox_int,13.603,0.018,13.285,0.021,13.08,0.023,NA,NA,0.018,0.992,0.565,0.017,-1837.523,3685.046,3703.43,756,NA,NA,NA,NA
NCT01381900,cox_int,2.876,0.719,2.766,0.736,2.72,0.744,NA,NA,0.004,0.454,0.573,0.052,-203.554,417.108,424.437,678,NA,NA,NA,NA
NCT01809327,cox_int,15.624,0.008,15.52,0.008,14.95,0.011,NA,NA,0.022,0.746,0.621,0.034,-480.187,970.374,982.284,712,NA,NA,NA,NA
NCT02025907,cox_int,8.375,0.137,8.786,0.118,8.13,0.149,NA,NA,0.038,0.842,0.635,0.047,-196.699,403.398,411.843,218,NA,NA,NA,NA
NCT00688701,cox_int,2.309,0.805,2.143,0.829,2.15,0.829,NA,NA,0.006,0.619,0.593,0.056,-172.632,355.264,362.27,360,NA,NA,NA,NA
NCT00712673,cox_int,3.671,0.598,3.647,0.601,3.64,0.602,NA,NA,0.005,0.956,0.549,0.025,-1060.937,2131.873,2147.523,680,NA,NA,NA,NA
NCT00713830,cox_int,4.262,0.512,4.105,0.534,4.09,0.537,NA,NA,0.005,0.98,0.537,0.019,-1684.317,3378.634,3396.399,858,NA,NA,NA,NA
NCT00715624,cox_int,1.97,0.853,1.895,0.863,1.89,0.865,NA,NA,0.004,0.982,0.529,0.023,-987.186,1984.372,1999.932,494,NA,NA,NA,NA
NCT00763451,cox_int,4.591,0.468,4.549,0.473,4.54,0.475,NA,NA,0.009,0.923,0.556,0.029,-616.303,1242.607,1255.78,482,NA,NA,NA,NA
NCT00763815,cox_int,5.151,0.398,5.318,0.378,5.25,0.386,NA,NA,0.011,0.965,0.547,0.026,-806.165,1622.331,1636.894,484,NA,NA,NA,NA
NCT00866658,cox_int,13.098,0.022,13.094,0.023,12.5,0.028,NA,NA,0.041,0.699,0.661,0.046,-179.689,369.379,376.861,310,NA,NA,NA,NA
NCT00975286,cox_int,11.29,0.046,9.78,0.082,8.31,0.14,NA,NA,0.025,0.671,0.637,0.04,-242.571,495.143,503.71,446,NA,NA,NA,NA
NCT00976937,cox_int,2.317,0.804,2.496,0.777,2.42,0.789,NA,NA,0.007,0.62,0.568,0.055,-153.254,316.508,322.987,319,NA,NA,NA,NA
NCT01169779,cox_int,12.694,0.026,13.303,0.021,12.6,0.027,NA,NA,0.032,0.549,0.655,0.066,-148.909,307.817,314.296,390,NA,NA,NA,NA
NCT01632163,cox_int,4.284,0.509,3.907,0.563,3.65,0.601,NA,NA,0.017,0.692,0.599,0.049,-145.591,301.181,307.66,251,NA,NA,NA,NA
NCT01768559,cox_int,15.424,0.009,17.034,0.004,15.53,0.008,NA,NA,0.017,0.577,0.651,0.038,-376.21,762.42,772.722,892,NA,NA,NA,NA
NCT01798706,cox_int,8.644,0.124,8.117,0.15,7.53,0.184,NA,NA,0.026,0.728,0.632,0.042,-207.532,425.064,433.118,325,NA,NA,NA,NA
NCT00286429,cox_int,25.743,0,26.523,0,25.31,0,NA,NA,0.065,0.993,0.615,0.022,-931.373,1872.745,1888.335,382,NA,NA,NA,NA
NCT00286442,cox_int,10.693,0.058,12.97,0.024,12.25,0.032,NA,NA,0.021,0.912,0.575,0.031,-620.517,1251.035,1264.16,515,NA,NA,NA,NA
NCT00286455,cox_int,22.222,0,23.328,0,21.16,0.001,NA,NA,0.067,0.911,0.662,0.031,-378.555,767.111,778.353,322,NA,NA,NA,NA
NCT00286468,cox_int,31.045,0,29.926,0,28.91,0,NA,NA,0.06,0.962,0.629,0.023,-804.966,1619.932,1634.532,500,NA,NA,NA,NA
NCT00286494,cox_int,9.421,0.093,9.534,0.09,9.4,0.094,NA,NA,0.019,0.92,0.585,0.028,-608.257,1226.514,1239.639,486,NA,NA,NA,NA
NCT00707993,cox_int,4.627,0.463,4.519,0.477,4.5,0.48,NA,NA,0.01,0.992,0.549,0.023,-1061.168,2132.336,2148.384,441,NA,NA,NA,NA
NCT00856284,cox_int,19.453,0.002,19.663,0.001,19.56,0.002,NA,NA,0.007,0.999,0.532,0.009,-9449.626,18909.252,18934.898,2638,NA,NA,NA,NA
NCT01023581,cox_int,18.946,0.015,18.701,0.017,17.62,0.024,NA,NA,0.033,0.942,0.609,0.025,-785.529,1587.059,1609.999,559,NA,NA,NA,NA
NCT01289119,cox_int,5.933,0.313,5.86,0.32,5.86,0.32,NA,NA,0.012,0.633,0.613,0.042,-250.202,510.405,518.973,505,NA,NA,NA,NA
NCT01632007,cox_int,5.913,0.315,5.012,0.414,3.85,0.571,NA,NA,0.024,0.511,0.683,0.064,-84.563,179.126,182.989,245,NA,NA,NA,NA
NCT01890122,cox_int,24.626,0.002,25.331,0.001,23.38,0.003,NA,NA,0.049,0.947,0.633,0.025,-702.434,1420.868,1443.168,488,NA,NA,NA,NA
NCT01217892,glm_int,NA,NA,NA,NA,NA,NA,NA,NA,NA,NA,NA,NA,-88.99,189.981,213.839,394,196.854,393,177.981,388
NCT01606007,glm_int,NA,NA,NA,NA,NA,NA,NA,NA,NA,NA,NA,NA,-87.747,187.493,210.555,345,179.376,344,175.493,339
NCT01619059,glm_int,NA,NA,NA,NA,NA,NA,NA,NA,NA,NA,NA,NA,-56.563,125.127,147.449,305,119.618,304,113.127,299
NCT02471404,glm_int,NA,NA,NA,NA,NA,NA,NA,NA,NA,NA,NA,NA,-111.611,235.221,261.583,598,232.095,597,223.221,592
NCT02681094,glm_int,NA,NA,NA,NA,NA,NA,NA,NA,NA,NA,NA,NA,-94.056,200.111,226.443,595,194.74,594,188.111,589
NCT00601250,glm_int,NA,NA,NA,NA,NA,NA,NA,NA,NA,NA,NA,NA,-184.867,381.733,409.04,700,375.445,699,369.733,694
NCT00602472,glm_int,NA,NA,NA,NA,NA,NA,NA,NA,NA,NA,NA,NA,-280.236,572.471,602.239,1055,561.443,1054,560.471,1049
NCT00621140,glm_int,NA,NA,NA,NA,NA,NA,NA,NA,NA,NA,NA,NA,-117.29,246.581,271.904,503,243.575,502,234.581,497
NCT00622284,glm_int,NA,NA,NA,NA,NA,NA,NA,NA,NA,NA,NA,NA,-837.154,1686.309,1718.389,1551,1680.699,1550,1674.309,1545
NCT00641043,glm_int,NA,NA,NA,NA,NA,NA,NA,NA,NA,NA,NA,NA,-102.845,217.69,241.44,387,220.81,386,205.69,381
NCT00654381,glm_int,NA,NA,NA,NA,NA,NA,NA,NA,NA,NA,NA,NA,-108.166,234.333,272.669,523,224.114,522,216.333,514
NCT00740051,glm_int,NA,NA,NA,NA,NA,NA,NA,NA,NA,NA,NA,NA,-105.024,222.048,242.597,227,239.368,226,210.048,221
NCT00798161,glm_int,NA,NA,NA,NA,NA,NA,NA,NA,NA,NA,NA,NA,-212.193,442.386,480.407,505,431.249,504,424.386,496
NCT00800683,glm_int,NA,NA,NA,NA,NA,NA,NA,NA,NA,NA,NA,NA,-69.749,151.498,168.703,130,149.412,129,139.498,124
NCT00819091,glm_int,NA,NA,NA,NA,NA,NA,NA,NA,NA,NA,NA,NA,-60.573,133.147,153.98,238,122.484,237,121.147,232
NCT00915772,glm_int,NA,NA,NA,NA,NA,NA,NA,NA,NA,NA,NA,NA,-200.73,413.459,437.333,395,403.495,394,401.459,389
NCT00954447,glm_int,NA,NA,NA,NA,NA,NA,NA,NA,NA,NA,NA,NA,-533.716,1079.431,1110.226,1252,1076.335,1251,1067.431,1246
NCT00996658,glm_int,NA,NA,NA,NA,NA,NA,NA,NA,NA,NA,NA,NA,-91.451,194.901,216.536,272,192.977,271,182.901,266
NCT01084005,glm_int,NA,NA,NA,NA,NA,NA,NA,NA,NA,NA,NA,NA,-69.323,150.646,171.505,239,142.24,238,138.646,233
NCT01087502,glm_int,NA,NA,NA,NA,NA,NA,NA,NA,NA,NA,NA,NA,-117.228,246.456,267.213,235,243.271,234,234.456,229
NCT01159600,glm_int,NA,NA,NA,NA,NA,NA,NA,NA,NA,NA,NA,NA,-358.126,728.252,759.286,1303,725.3,1302,716.252,1297
NCT01164501,glm_int,NA,NA,NA,NA,NA,NA,NA,NA,NA,NA,NA,NA,-273.319,558.638,586.254,737,550.965,736,546.638,731
NCT01167881,glm_int,NA,NA,NA,NA,NA,NA,NA,NA,NA,NA,NA,NA,-818.063,1648.125,1680.182,1545,1643.447,1544,1636.125,1539
NCT01177813,glm_int,NA,NA,NA,NA,NA,NA,NA,NA,NA,NA,NA,NA,-293.94,605.879,649.071,897,606.147,896,587.879,888
NCT01194830,glm_int,NA,NA,NA,NA,NA,NA,NA,NA,NA,NA,NA,NA,-119.284,250.567,270.819,216,240.707,215,238.567,210
NCT01210001,glm_int,NA,NA,NA,NA,NA,NA,NA,NA,NA,NA,NA,NA,-139.565,291.13,316.394,498,283.284,497,279.13,492
NCT01214239,glm_int,NA,NA,NA,NA,NA,NA,NA,NA,NA,NA,NA,NA,-94.519,201.038,223.241,299,194.839,298,189.038,293
NCT01215097,glm_int,NA,NA,NA,NA,NA,NA,NA,NA,NA,NA,NA,NA,-86.95,185.899,208.221,305,177.753,304,173.899,299
NCT01306214,glm_int,NA,NA,NA,NA,NA,NA,NA,NA,NA,NA,NA,NA,-242.172,496.344,522.343,563,488.113,562,484.344,557
NCT01370005,glm_int,NA,NA,NA,NA,NA,NA,NA,NA,NA,NA,NA,NA,-148.116,308.233,336.518,824,301.954,823,296.233,818
NCT01422876,glm_int,NA,NA,NA,NA,NA,NA,NA,NA,NA,NA,NA,NA,-340.445,692.891,721.124,817,685.306,816,680.891,811
NCT01438814,glm_int,NA,NA,NA,NA,NA,NA,NA,NA,NA,NA,NA,NA,-115.537,243.074,270.285,689,234.216,688,231.074,683
NCT01708902,glm_int,NA,NA,NA,NA,NA,NA,NA,NA,NA,NA,NA,NA,-137.023,286.046,310.512,436,276.375,435,274.046,430
NCT01719003,glm_int,NA,NA,NA,NA,NA,NA,NA,NA,NA,NA,NA,NA,-218.792,449.583,476.707,679,441.902,678,437.583,673
NCT01734785,glm_int,NA,NA,NA,NA,NA,NA,NA,NA,NA,NA,NA,NA,-64.925,141.851,164.682,332,139.937,331,129.851,326
NCT01792518,glm_int,NA,NA,NA,NA,NA,NA,NA,NA,NA,NA,NA,NA,-61.738,135.476,158.793,360,124.708,359,123.476,354
NCT02182830,glm_int,NA,NA,NA,NA,NA,NA,NA,NA,NA,NA,NA,NA,-82.417,176.835,195.434,164,167.405,163,164.835,158
NCT02453555,glm_int,NA,NA,NA,NA,NA,NA,NA,NA,NA,NA,NA,NA,-66.327,144.655,166.356,275,138.205,274,132.655,269
NCT01064687,glm_int,NA,NA,NA,NA,NA,NA,NA,NA,NA,NA,NA,NA,-359.612,731.224,760.525,976,723.695,975,719.224,970
NCT01075282,glm_int,NA,NA,NA,NA,NA,NA,NA,NA,NA,NA,NA,NA,-266.215,544.431,572.591,807,539.037,806,532.431,801
NCT01126580,glm_int,NA,NA,NA,NA,NA,NA,NA,NA,NA,NA,NA,NA,-393.495,798.99,827.149,807,792.45,806,786.99,801
NCT01191268,glm_int,NA,NA,NA,NA,NA,NA,NA,NA,NA,NA,NA,NA,-422.493,856.985,885.692,884,850.993,883,844.985,878
NCT01558271,glm_int,NA,NA,NA,NA,NA,NA,NA,NA,NA,NA,NA,NA,-148.379,308.757,333.948,492,305.584,491,296.757,486
NCT01621178,glm_int,NA,NA,NA,NA,NA,NA,NA,NA,NA,NA,NA,NA,-255.707,523.415,549.541,575,515.454,574,511.415,569
NCT01648582,glm_int,NA,NA,NA,NA,NA,NA,NA,NA,NA,NA,NA,NA,-250.069,512.137,540.047,774,505.86,773,500.137,768
NCT01769378,glm_int,NA,NA,NA,NA,NA,NA,NA,NA,NA,NA,NA,NA,-76.334,164.669,186.871,299,171.927,298,152.669,293
NCT02152371,glm_int,NA,NA,NA,NA,NA,NA,NA,NA,NA,NA,NA,NA,-89.036,190.071,212.294,300,186.11,299,178.071,294
NCT02597049,glm_int,NA,NA,NA,NA,NA,NA,NA,NA,NA,NA,NA,NA,-61.809,135.618,159.902,423,129.641,422,123.618,417
NCT02750410,glm_int,NA,NA,NA,NA,NA,NA,NA,NA,NA,NA,NA,NA,-49.73,111.459,129.873,159,108.127,158,99.459,153
NCT00838903,glm_int,NA,NA,NA,NA,NA,NA,NA,NA,NA,NA,NA,NA,-663.321,1350.641,1409.642,1009,1338.683,1008,1326.641,997
NCT00838916,glm_int,NA,NA,NA,NA,NA,NA,NA,NA,NA,NA,NA,NA,-480.713,973.425,1001.057,739,969.107,738,961.425,733
NCT00839527,glm_int,NA,NA,NA,NA,NA,NA,NA,NA,NA,NA,NA,NA,-450.836,919.671,960.115,661,909.125,660,901.671,652
NCT00849017,glm_int,NA,NA,NA,NA,NA,NA,NA,NA,NA,NA,NA,NA,-194.757,401.514,423.717,299,401.128,298,389.514,293
NCT00849056,glm_int,NA,NA,NA,NA,NA,NA,NA,NA,NA,NA,NA,NA,-193.62,399.239,421.482,301,398.389,300,387.239,295
NCT00976391,glm_int,NA,NA,NA,NA,NA,NA,NA,NA,NA,NA,NA,NA,-225.847,463.694,489.715,565,464.454,564,451.694,559
NCT01098539,glm_int,NA,NA,NA,NA,NA,NA,NA,NA,NA,NA,NA,NA,-266.177,544.354,569.557,493,544.927,492,532.354,487
NCT01733758,glm_int,NA,NA,NA,NA,NA,NA,NA,NA,NA,NA,NA,NA,-154.834,321.667,346.834,490,322.953,489,309.667,484
NCT02229227,glm_int,NA,NA,NA,NA,NA,NA,NA,NA,NA,NA,NA,NA,-324.661,661.321,689.518,812,651.532,811,649.321,806
NCT00968812,glm_int,NA,NA,NA,NA,NA,NA,NA,NA,NA,NA,NA,NA,-912.381,1836.761,1868.445,1452,1831.353,1451,1824.761,1446
NCT01081834,glm_int,NA,NA,NA,NA,NA,NA,NA,NA,NA,NA,NA,NA,-308.766,629.532,655.782,587,633.086,586,617.532,581
NCT01106625,glm_int,NA,NA,NA,NA,NA,NA,NA,NA,NA,NA,NA,NA,-295.947,603.894,628.798,469,600.679,468,591.894,463
NCT01106651,glm_int,NA,NA,NA,NA,NA,NA,NA,NA,NA,NA,NA,NA,-412.399,836.797,864.24,716,840.507,715,824.797,710
NCT01106677,glm_int,NA,NA,NA,NA,NA,NA,NA,NA,NA,NA,NA,NA,-648.714,1315.428,1361.848,1284,1304.745,1283,1297.428,1275
NCT01106690,glm_int,NA,NA,NA,NA,NA,NA,NA,NA,NA,NA,NA,NA,-182.763,377.526,400.57,344,375.508,343,365.526,338
NCT01137812,glm_int,NA,NA,NA,NA,NA,NA,NA,NA,NA,NA,NA,NA,-495.832,1003.665,1031.433,756,1008.561,755,991.665,750
NCT01381900,glm_int,NA,NA,NA,NA,NA,NA,NA,NA,NA,NA,NA,NA,-127.436,266.873,293.988,678,257.884,677,254.873,672
NCT01809327,glm_int,NA,NA,NA,NA,NA,NA,NA,NA,NA,NA,NA,NA,-241.408,494.816,522.225,712,500.422,711,482.816,706
NCT02025907,glm_int,NA,NA,NA,NA,NA,NA,NA,NA,NA,NA,NA,NA,-98.006,208.012,228.319,218,207.815,217,196.012,212
NCT00688701,glm_int,NA,NA,NA,NA,NA,NA,NA,NA,NA,NA,NA,NA,-102.174,216.349,239.665,360,206.522,359,204.349,354
NCT00712673,glm_int,NA,NA,NA,NA,NA,NA,NA,NA,NA,NA,NA,NA,-379.518,771.035,798.168,680,762.571,679,759.035,674
NCT00713830,glm_int,NA,NA,NA,NA,NA,NA,NA,NA,NA,NA,NA,NA,-522.545,1057.09,1085.618,858,1049.258,857,1045.09,852
NCT00715624,glm_int,NA,NA,NA,NA,NA,NA,NA,NA,NA,NA,NA,NA,-314.418,640.836,666.051,494,630.708,493,628.836,488
NCT00763451,glm_int,NA,NA,NA,NA,NA,NA,NA,NA,NA,NA,NA,NA,-247.849,507.698,532.765,482,500.132,481,495.698,476
NCT00763815,glm_int,NA,NA,NA,NA,NA,NA,NA,NA,NA,NA,NA,NA,-284.678,581.356,606.449,484,574.883,483,569.356,478
NCT00866658,glm_int,NA,NA,NA,NA,NA,NA,NA,NA,NA,NA,NA,NA,-98.372,208.743,231.163,310,210.2,309,196.743,304
NCT00975286,glm_int,NA,NA,NA,NA,NA,NA,NA,NA,NA,NA,NA,NA,-131.235,274.469,299.071,446,273.823,445,262.469,440
NCT00976937,glm_int,NA,NA,NA,NA,NA,NA,NA,NA,NA,NA,NA,NA,-91.437,194.875,217.466,319,184.993,318,182.875,313
NCT01169779,glm_int,NA,NA,NA,NA,NA,NA,NA,NA,NA,NA,NA,NA,-92.095,196.19,219.986,390,196.283,389,184.19,384
NCT01632163,glm_int,NA,NA,NA,NA,NA,NA,NA,NA,NA,NA,NA,NA,-83.35,178.7,199.853,251,171.385,250,166.7,245
NCT01768559,glm_int,NA,NA,NA,NA,NA,NA,NA,NA,NA,NA,NA,NA,-207.469,426.938,455.698,892,429.175,891,414.938,886
NCT01798706,glm_int,NA,NA,NA,NA,NA,NA,NA,NA,NA,NA,NA,NA,-110.758,233.516,256.219,325,230.413,324,221.516,319
NCT00286429,glm_int,NA,NA,NA,NA,NA,NA,NA,NA,NA,NA,NA,NA,-249.337,510.674,534.346,382,523.517,381,498.674,376
NCT00286442,glm_int,NA,NA,NA,NA,NA,NA,NA,NA,NA,NA,NA,NA,-251.038,514.076,539.541,515,512.63,514,502.076,509
NCT00286455,glm_int,NA,NA,NA,NA,NA,NA,NA,NA,NA,NA,NA,NA,-156.557,325.113,347.761,322,337.19,321,313.113,316
NCT00286468,glm_int,NA,NA,NA,NA,NA,NA,NA,NA,NA,NA,NA,NA,-277.561,567.123,592.41,500,587.197,499,555.123,494
NCT00286494,glm_int,NA,NA,NA,NA,NA,NA,NA,NA,NA,NA,NA,NA,-244.883,501.766,526.883,486,499.407,485,489.766,480
NCT00707993,glm_int,NA,NA,NA,NA,NA,NA,NA,NA,NA,NA,NA,NA,-296.26,604.519,629.054,441,598.539,440,592.519,435
NCT00856284,glm_int,NA,NA,NA,NA,NA,NA,NA,NA,NA,NA,NA,NA,-1813.588,3639.176,3674.443,2638,3649.397,2637,3627.176,2632
NCT01023581,glm_int,NA,NA,NA,NA,NA,NA,NA,NA,NA,NA,NA,NA,-293.163,604.325,643.261,559,606.346,558,586.325,550
NCT01289119,glm_int,NA,NA,NA,NA,NA,NA,NA,NA,NA,NA,NA,NA,-139.157,290.313,315.661,505,284.478,504,278.313,499
NCT01632007,glm_int,NA,NA,NA,NA,NA,NA,NA,NA,NA,NA,NA,NA,-56.159,124.318,145.325,245,118.249,244,112.318,239
NCT01890122,glm_int,NA,NA,NA,NA,NA,NA,NA,NA,NA,NA,NA,NA,-258.401,534.802,572.515,488,544.401,487,516.802,479
